task,num_simulations,num_observation,algorithm,C2ST,MMD,MEDDIST,NLTP,RT,KSD,folder
bernoulli_glm_raw,10⁴,2,SNLE,0.9915,0.7002329,4.2426405,,47.10945231119792,12.96417030142541,be9320d9-53d5-44c1-9f25-6889222b5a61
sir,10⁴,2,SNLE,0.6725,0.021482825,19.849434,,9.819686889648438,14.399818846991804,83fcec66-c5e7-45d3-9774-7b302e17105f
slcp,10³,6,SNLE,0.90065,0.06798899,10.775804,,14.762990315755207,34.26101178148467,50876a44-7027-4c47-bee8-8da9e99712c1
two_moons,10⁵,8,NLE,0.6694,0.00033771992,0.08949898,,19.412843831380208,inf,5d426ae0-4470-49ba-9a1a-1cf892573820
slcp,10³,7,NLE,0.97755,0.1427871,30.007545,,6.316098022460937,33.16707361695403,3eac6c9b-142c-4469-b36b-736cb500bf51
gaussian_mixture,10³,6,NLE,0.88085,0.22388631,2.0017648,,3.2811609903971357,12.694411066750286,494bc53d-c23d-4fbb-8dfa-3c4f58135d09
bernoulli_glm_raw,10³,6,SNLE,0.9946,0.39451897,5.0,,38.082112630208336,12.857115029964929,2093529b-acf7-4649-b5d7-2f314f8d7d28
gaussian_mixture,10³,2,NLE,0.7615,0.13599926,1.4268403,,2.9437019348144533,8.948103110443476,f836089a-e2d9-446c-9319-87e27e3bd6a6
bernoulli_glm,10⁴,7,SNLE,0.5369,0.00468874,12.99851,,29.714324951171875,11.823145024518757,7a5af7f9-39d0-4fc2-bf93-50f990131085
two_moons,10³,9,NLE,0.73445,0.0019913912,0.09752505,,3.079425303141276,inf,c9a6bef0-cda9-4ce7-9cd3-6f597a1e676c
sir,10⁴,6,NLE,0.68385,0.08006811,25.514702,,13.675384521484375,15.605813633832856,cdb8a3c8-7a70-482d-9cba-945883846a63
bernoulli_glm_raw,10⁴,8,SNLE,0.99105,0.74009854,3.4641016,,47.92764078776042,11.72828322552322,d86ee249-416b-4368-9735-a71c643c40e9
bernoulli_glm_raw,10⁴,7,SNLE,0.9474,0.28924584,4.7958317,,48.9484130859375,12.155491623732054,784f6b55-f576-44c0-9f2c-b7eae6c91791
sir,10⁴,10,SNLE,0.81035,0.22529459,45.127594,,11.366356404622396,15.5047823254945,91dd8d4a-4b50-458f-903d-90fcb5c21b4a
sir,10³,2,NLE,0.79175,0.2237938,29.180471,,4.205772908528647,16.317509711731187,de3dabd7-87a6-49f8-be4d-820f25d4b092
gaussian_linear_uniform,10⁵,9,NLE,0.5003,0.0002721548,1.293093,,25.78768513997396,3.4027634880104958,952fa8a6-e932-413f-ac72-1a150da44f78
slcp,10⁵,4,SNLE,0.5987,0.001625061,3.4932253,,74.57364908854167,18.6444988197238,69bfd320-e43b-4e46-8c5e-69f6564e37fc
bernoulli_glm_raw,>10⁸,4,SL,0.9943,0.5234171,3.0,,554.4839192708333,13.299998637308526,d877c8c8-6959-4e5b-8a13-2175b3222517
gaussian_mixture,10³,5,NLE,0.7912,0.21444637,1.868556,,3.0446103413899737,11.326813935293586,b3b20a0b-d34c-442f-b139-a62d9ad01f4c
gaussian_linear,10⁵,4,SNLE,0.52515,0.0020422935,1.5475106,,83.39514973958333,9.015166496833592,a32177c1-d62c-4424-b4b2-3ee48537cf41
sir,10⁴,5,SNLE,0.6566,0.06546616599999999,23.065125,,11.890399169921874,15.62516765485386,ea4f06dd-d734-4e45-9619-16390ec41168
gaussian_mixture,10⁵,8,NLE,0.89495,0.4691652,7.712762400000001,,14.812956746419273,15.437737836680851,00ef0751-642b-498c-8462-cda2d6d4ed05
bernoulli_glm_raw,10⁵,4,SNLE,0.9873,0.8223560999999999,3.1622777,,162.107470703125,12.654985418068414,e08ab0b9-10dc-4c32-8927-2654d7b67511
gaussian_linear,10⁵,10,SNLE,0.52285,0.00071680546,1.4910434,,82.316748046875,7.608136629720813,acf11129-0bd1-4bb7-9c7a-f64867efc07c
gaussian_linear,>10⁸,5,SL,0.56765,0.0061136484,1.3614252,,9.76402079264323,9.000054924792332,e33f8622-73ba-44ba-958c-6ed3d09128e8
bernoulli_glm_raw,10⁴,5,SNLE,0.9449,0.20463991,5.385164700000002,,48.8431884765625,13.870548781343592,b6632d4a-4d44-4aaa-9dfc-b419e097500e
slcp,10⁴,7,NLE,0.92825,0.039777637000000005,27.863503,,14.547456868489585,17.992324235596474,2f1c324c-9519-4f99-8128-550b4c7591fc
gaussian_linear_uniform,10⁵,5,NLE,0.50665,0.0002604723,1.3073097,,26.630816650390624,3.514125391471356,3c883ebe-2a11-4467-90bc-15c3cf2ddaf2
gaussian_linear,10⁵,8,NLE,0.5226,0.0026701689,1.5451452,,24.60909627278646,9.316196384854985,c20b9538-0d23-421a-84bf-d63668a4cd8a
gaussian_linear_uniform,10⁴,4,NLE,0.53215,0.0013848543,1.3670993,,14.332452392578125,4.366334403114808,907b52bb-ece2-4211-bb6d-1d13653963f3
gaussian_linear,10⁵,4,NLE,0.52845,0.0028173923,1.5700188,,23.278759765625,9.494406213740302,813cf8e0-77cd-461d-a82b-edb7ae3f56b7
two_moons,10⁴,5,NLE,0.71745,0.005120516,0.10243681,,5.8183135986328125,inf,5aac177b-b6a5-431e-ae13-00fb57b2c4c3
gaussian_linear,10³,6,NLE,0.6023,0.013383865,1.3338566,,10.561153157552084,11.002084174414847,74fd0053-13a6-4e92-806e-7ef86d329cac
slcp,10⁵,2,NLE,0.7017,0.02496779,22.253119,,50.39220784505208,12.26694740076652,82aaccab-4609-48d4-b1bb-87855a386eef
gaussian_mixture,10³,5,SNLE,0.7221,0.021136284,1.2418957,,7.446304829915364,8.625069360163769,9a8f2639-a1f5-45d0-9738-a136c03d5bef
gaussian_linear,10⁴,7,SNLE,0.5593,0.0046807528,1.3499558,,27.70309244791667,9.77206690215563,a2f6feac-0cd9-4d4f-b04f-8e9218000ba6
gaussian_linear_uniform,10⁴,2,NLE,0.55705,0.0059421062,1.4400474,,14.19978739420573,4.827158670469377,cdd9677d-5cbe-473b-bb67-73896dcef9c3
gaussian_linear_uniform,10³,6,NLE,0.7185,0.047387958,1.4660542,,10.88878173828125,6.411655298766156,be07f645-027a-4a82-b1b7-f9ebb79ff068
two_moons,10³,4,SNLE,0.65715,0.021352768,0.09383533,,6.421980794270834,,fb07fad1-1d10-4df5-ba7f-807fa9251d39
gaussian_mixture,10⁵,7,SNLE,0.58115,-0.0005372762700000001,1.0175812,,46.10547281901042,9.56294386881123,43c28af3-dbee-4cd6-9f90-e06835be0058
gaussian_linear,>10⁸,8,SL,0.6587,0.025046706,1.6370955,,11.01128438313802,10.256791445863131,2e1b6a2f-d601-417a-ae41-acf4e2a97a69
gaussian_linear,10⁴,5,NLE,0.5342,0.0017588139000000002,1.316968,,12.757286580403646,8.894117251195597,708a3be2-0f2d-4dfa-9ed9-4532ac1f836e
bernoulli_glm_raw,10³,4,NLE,0.8994,0.22933245,3.4641016,,17.88917236328125,12.696266020759433,34434d63-fd8a-4987-98b0-8be0fdbc1e0f
gaussian_mixture,10⁴,6,NLE,0.71525,0.027877986,1.1279986000000002,,6.120660909016928,8.27638643510901,729edf05-017d-4fec-bf0c-5c613ce02b9b
slcp,10⁴,3,NLE,0.7433,0.04876089,26.301077000000006,,15.747152709960938,12.88021950785793,14f6bf89-de1b-411d-aa2c-f8d2da60e11f
gaussian_linear,10⁵,9,NLE,0.506,0.00027430058,1.3856595,,21.75872192382813,7.3813348195292905,3b268fb3-e3da-43e5-a261-cb4827d232a0
bernoulli_glm,>10⁸,5,SL,0.60225,0.013537407,16.503294,,387.94807942708326,12.600925071145413,ca812d2b-1984-4c9f-a067-ad76f79c5d0b
bernoulli_glm_raw,10³,7,NLE,0.7677,0.10814357,4.8989797,,17.77760213216146,10.593363764305703,0a13bb6f-19fa-4762-819d-56385e055f51
gaussian_mixture,10⁵,6,SNLE,0.58085,0.0037362576,1.0728531,,43.58736979166667,9.58471026282816,9e6bb6d5-f0bb-49b5-a1ed-4ab4c8887f6f
gaussian_linear,10³,2,NLE,0.58015,0.0039958954,1.3900179,,10.799680582682292,9.78502462955873,0b9615a5-3afd-4bce-b36f-4702a2d4ddd4
gaussian_mixture,10⁵,4,NLE,0.88505,0.45619732,7.2670727,,17.42957763671875,14.698024089051545,e8403996-92bb-43f9-b09d-a78374c5ef0e
two_moons,10⁴,10,SNLE,0.58485,-0.0026369095,0.08976236,,8.492685445149739,inf,4636ece2-738d-45f8-9468-0102dce61adb
two_moons,10³,5,SNLE,0.6431,0.00830245,0.101995915,,6.581550598144531,inf,f00cabb0-cb22-4c1c-8095-88ec13787452
two_moons,10⁴,1,SNLE,0.50375,0.0072619915,0.08933294,,8.374628194173177,inf,7809270e-29d5-416a-a9a0-97017a286b13
bernoulli_glm_raw,10³,9,NLE,0.92455,0.280901,3.6055512,,18.15114542643229,11.448160251473222,017da050-2abb-4025-9d2c-ffca7915f9b1
bernoulli_glm,10⁴,2,SNLE,0.54555,0.010553002,11.613753,,30.203678385416666,11.892671180196176,be42488b-9bac-485c-9ea1-1ffecafef386
gaussian_linear,10³,3,NLE,0.59165,0.0052558184,1.439148,,10.634691365559895,10.05391902467684,f48a81bc-a32f-4ba3-9df0-1c152ac26ce0
gaussian_linear_uniform,10⁵,1,SNLE,0.50395,0.00019085407,1.3584353999999998,,89.90139973958334,3.3396836146732825,aab2c4f7-b873-4e0d-bf5a-43362270b425
sir,10⁴,9,NLE,0.6497,0.054023027,28.407745,,14.791156005859374,15.040141505880886,85493447-ae8e-4ef6-819e-743877c9a6dc
slcp,10⁴,10,SNLE,0.64595,0.0037292242,2.1999164,,18.14830118815104,22.402012754891835,a022f3e7-fe9d-43c9-b13b-347ff65d6001
bernoulli_glm_raw,10⁵,7,SNLE,0.9921,0.7238778,4.472136,,174.82311197916667,12.373715368450306,f587b12d-1a48-422d-a356-c66096148579
gaussian_linear_uniform,10³,8,SNLE,0.6683,0.026733875,1.4732323,,26.737611897786454,5.328415343796959,8d2d0142-b37a-4531-a493-d912066ed947
sir,10³,4,SNLE,0.5968,0.024093628,26.981476,,8.133914693196614,14.369182774966701,64c91634-9a60-4110-b1b1-0f9d96bfa941
bernoulli_glm,10⁵,7,SNLE,0.5103,0.0005372762700000001,13.246313,,94.25155436197916,11.805898764159306,19033541-b5a2-4951-b842-6887ccf59df4
two_moons,>10⁸,2,SL,0.7916,0.2277261,0.086312786,,1.9463265736897783,inf,9c0f6130-965c-4f62-8cd5-40497ebbb208
gaussian_mixture,10⁴,4,SNLE,0.599,0.00037920475,1.1241511999999998,,9.55985819498698,11.751100987959898,4f50c780-6611-4d8c-9630-1b8decd88a79
sir,10⁵,8,NLE,0.72045,0.04394281,25.913315,,44.73472493489583,17.804405193124058,9c2787c1-ea0d-4041-bf2e-e9539622c726
bernoulli_glm_raw,10³,5,NLE,0.86425,0.14785576,5.5677643,,17.542218017578126,11.24202066372274,1d03c23a-06c8-4f4e-9f45-694c62d52ce8
bernoulli_glm_raw,10³,8,SNLE,0.99515,0.99218357,3.4641016,,38.6183837890625,11.484787417178936,78f26bd7-71ee-4e90-ad6c-4fee0ca5fea3
sir,10⁵,7,NLE,0.7169,0.035440564,22.989124,,41.07316487630208,17.690907835550448,57aaf627-b227-41d6-8bbd-6fa24a593f50
bernoulli_glm_raw,10⁴,9,NLE,0.9273,0.26537323,3.3166248999999994,,31.13942667643229,11.354640969354394,87871919-dff2-4bbb-b1a6-fb7e6574db7a
bernoulli_glm,10⁵,5,NLE,0.5314,0.0034257174,15.76519,,50.52391764322917,12.683731895586787,73759dc9-bd01-440c-8117-3ecfc13eb382
slcp,10⁴,6,SNLE,0.66955,0.030707479,10.97957,,18.62094523111979,12.473588119706376,c1e4d1c0-9715-4dc9-98c8-b4e059566a32
gaussian_linear_uniform,10⁴,3,NLE,0.58755,0.017596722,1.5495844,,13.985626220703125,5.1700870981031635,5fe4a75b-16f3-41a8-b899-c00ca4e2f4ac
bernoulli_glm,10³,6,SNLE,0.6829999999999999,0.09480059,13.380072,,23.814082845052084,11.61372835039192,368c6954-07b4-4954-b852-5257ae864ad1
bernoulli_glm_raw,>10⁸,9,SL,0.97745,0.56927025,2.828427,,500.62464192708336,11.83105325206569,c2f23db8-64de-421b-b645-4b4447a44aa9
slcp,10⁴,1,NLE,0.7429,0.013605356,18.9436,,17.81417439778646,13.698214203859207,e968f0ba-04e0-44f9-b02c-b8e61e0f5062
slcp,10⁵,9,NLE,0.61235,0.0017709732,8.875154499999997,,44.09983723958333,12.050572205185896,558d0806-e2d6-4e3d-853f-b299287e601f
slcp,10⁴,9,NLE,0.71005,0.0022747517,8.700964,,15.981390380859375,13.632778837064526,c832cf86-3774-4702-b8ce-5b027d94e52c
gaussian_linear,10⁴,1,NLE,0.55815,0.005589962,1.4710312,,13.415500895182292,10.075411659367397,ea0e66db-d3cc-41d6-a2ed-8a12f7b4ed5a
bernoulli_glm,10⁵,9,SNLE,0.51795,0.0039801598,9.527435,,105.8775634765625,11.496102448222382,be81f616-6b05-4ba1-988d-c83bfdc272f2
slcp,10⁴,4,NLE,0.8352,0.02197349,3.0298269,,13.980988566080727,28.29746162704658,8c98b273-0cdb-4962-ba56-fa8a90199abe
two_moons,10⁴,9,NLE,0.67095,0.0049967766,0.093639106,,6.361225382486979,inf,e3b5e2b1-4a01-4b31-a334-16e41948f531
sir,10⁴,5,NLE,0.8170000000000001,0.22497845,39.14077,,9.856634521484377,18.25017364084063,6c676c61-e3c7-474d-a119-89d7d487bd53
bernoulli_glm,10⁴,10,SNLE,0.53695,0.0051732063,14.650968,,28.463859049479165,12.110017203086624,ead582e1-ff29-43ae-a39c-a88e201410e3
sir,10⁵,9,SNLE,0.64415,0.033694744,28.186874,,57.94515380859375,15.952860093589795,17bfe365-36ce-4214-a7bb-c654807b6f9a
gaussian_linear_uniform,10⁴,10,SNLE,0.55695,0.004647374,1.3815019,,31.063155110677084,4.479094541497831,dc0c4447-9945-42f2-9626-5b194b5f569a
slcp,10³,5,NLE,0.86985,0.09097707,24.137245,,6.471554056803385,31.400325350870624,b4b27482-1942-476b-9060-0244a0cdae91
slcp,10³,4,SNLE,0.91165,0.13375449,3.356578,,14.508831787109376,27.320970236756864,4388892c-2a06-43ad-aa1e-dbe4e1eb702e
gaussian_linear,10³,9,NLE,0.62015,0.020784855,1.480266,,10.838751220703122,11.382772359502251,4830c946-c085-4ed0-b7c6-e39bad13df1a
gaussian_linear_uniform,>10⁸,9,SL,0.5373,0.005715728000000001,1.3757517,,9.55274861653646,4.161114030445572,7fc014c2-502f-46b4-a176-b44828f8469d
gaussian_linear_uniform,10⁵,4,NLE,0.50535,0.00015330315,1.3458548,,27.139888509114584,3.4588650398892415,d7705613-69aa-4de9-be04-6993cf6d8dbe
sir,10³,4,NLE,0.67745,0.07403535,30.331501,,4.253214518229167,16.591432655829305,f32c77bb-9c31-46d7-b4cd-4442a26553b0
bernoulli_glm_raw,10⁵,3,NLE,0.94295,0.36281157,3.6055512,,114.49510904947915,12.636638803132206,9ac05de1-bcb9-4757-87f1-dcefdb25dad3
sir,10⁵,7,SNLE,0.6551,0.10013425,21.748564,,55.45046793619792,15.58599744504169,366f515e-f9e3-4e76-8acb-0f293b8fef2a
gaussian_linear,10⁴,2,SNLE,0.5462,0.0019341707,1.4092779,,28.03445231119792,8.792784210803227,67d5d0aa-9f2e-4289-9ba1-509993e1a2d2
gaussian_mixture,10⁴,4,NLE,0.72125,0.034488022,1.2624123,,6.600383504231771,8.402221861707334,cf0de6f6-52e2-4afc-8ca8-ee533750cfb0
slcp,>10⁸,9,SL,0.8774,0.27112722,10.340678,,7.007269795735677,7.359648843988366,5d270df1-3062-49cf-a060-2eed69488030
bernoulli_glm,10³,9,NLE,0.78855,0.24061519,12.042214,,10.81913350423177,10.482756656901529,5d4c6853-058c-4dc7-b4e4-03b2e4211571
bernoulli_glm,10⁴,9,NLE,0.60065,0.03729105,9.992082,,14.792458089192708,11.408807954239368,2dd0b074-0810-416d-b1cb-8ab40cd7e3a7
bernoulli_glm_raw,10⁵,1,SNLE,0.98215,0.5495356,3.3166248999999994,,169.81160481770834,12.429076827132876,c459a502-16f9-43e3-9eb3-09b4ff3eab27
gaussian_mixture,10⁵,2,NLE,0.6851,0.019739866,0.8623046999999998,,40.11384684244792,8.566418689385587,6a879d87-04fd-4f12-b6d6-8f3038c45e96
sir,10³,1,NLE,0.7291,0.22695655,17.521416000000002,,4.690262858072916,13.899836540841852,d5e9d962-45e6-48cc-a76d-60ed219f4e8a
gaussian_linear,10³,3,SNLE,0.60435,0.007778764,1.4391043,,23.409440104166666,10.391866718965252,dcb91cc8-e023-4232-9202-ac93bdbfca10
bernoulli_glm_raw,10⁵,10,SNLE,0.9626,0.28742683,5.0990195,,205.1373046875,13.001003101045056,275e1225-eb94-4eff-a04c-0ac7098acad6
gaussian_mixture,10⁵,3,NLE,0.71695,0.027929425,1.130796,,18.34352823893229,8.603045146536017,4b80dafa-f1b7-4df1-8d5b-9baab6ff69f8
slcp,10⁵,3,SNLE,0.54885,-0.0008945464999999998,26.586044,,77.57174479166666,8.453505145855098,62fa9c02-b074-4d5f-a387-f1774c281960
sir,10⁴,7,SNLE,0.6456,0.047305465,21.354156,,11.308993530273435,16.96305973305938,b66df5fe-f571-4228-9208-80fec7ca0f5c
slcp,>10⁸,2,SL,0.88005,0.29381526,22.6221,,7.645496622721354,7.684682145238066,86cb0fd9-7cc0-4820-b8e4-f92250946620
two_moons,10³,6,NLE,0.6283,-0.0050114393,0.093078844,,3.005370076497396,,39ff1677-dc80-4dd9-a901-4a88f4cc443e
gaussian_linear,10³,2,SNLE,0.6064,0.008128643,1.4221348,,23.421931966145834,10.506237266132546,1190c846-211f-49ab-b354-ed11c4a5a563
sir,10⁵,10,NLE,0.98975,0.6687960000000001,41.89869,,30.54642333984375,14.799559933312578,b3052649-06a3-492d-9b2a-790d9cc284d0
gaussian_linear_uniform,10³,6,SNLE,0.6602,0.02319181,1.4425528,,26.545796712239586,5.3985602695359365,9f63860b-044b-42a5-9cd4-f1ff0727caf6
bernoulli_glm_raw,10⁵,10,NLE,0.9588,0.38509005,5.196152,,109.833349609375,12.938694593507345,d397af86-376a-4d9f-b0fe-f5afeee31b4e
bernoulli_glm_raw,>10⁸,5,SL,0.98535,0.46962297,5.385164700000002,,577.8952473958333,11.984935579876588,b011015e-15b3-4953-9253-d5bcc2ee1c6b
bernoulli_glm_raw,>10⁸,6,SL,0.99465,0.3308958,5.0,,767.677734375,12.171373689805474,6e4a1dfc-a3c1-471e-80ce-49ff4e5085f8
bernoulli_glm,>10⁸,9,SL,0.5916,0.022305608,9.667133,,280.42548828125,11.432729428875826,9fed0ac5-77ed-4863-8269-9026143c48cf
gaussian_linear,10⁴,6,NLE,0.52935,0.0012427568,1.3293006,,12.726320393880208,8.608352276426775,c615795e-f2f2-42e8-9694-6dd2fc506d27
sir,10⁴,6,SNLE,0.68225,0.03910035,27.367865,,10.183387247721354,16.682217841221732,2752d1ae-2ae6-48fa-95ae-cb95e32757cf
two_moons,>10⁸,3,SL,0.82245,0.2548138,0.08882419999999999,,1.922073745727539,inf,9f42ed08-e062-43ae-b7dd-4383c34f4f39
gaussian_mixture,10⁴,10,SNLE,0.8458,0.39118546,4.561653,,10.076669311523435,12.992698648163914,1e1d554f-ce36-4280-bdde-405290c7f8dd
gaussian_linear_uniform,10⁴,8,NLE,0.54955,0.0035083294,1.3490767,,14.126815795898438,4.5307399696115835,1c4589b4-0855-4938-a6e4-5aef3e4d283b
two_moons,10⁵,2,SNLE,0.4994,0.009058833,0.0891695,,45.72140706380208,inf,d4a09cf1-b840-4d5a-aa1b-fe3a08af6be3
sir,>10⁸,10,SL,0.9791,0.6717588000000001,38.64583,,913.6490234375,14.456061701198616,b53f071b-3e1d-48e3-afd2-862753e831b4
sir,>10⁸,4,SL,0.53035,0.0020104647,25.129662,,640.3115885416668,12.393018120518294,87b33c67-49c5-4e19-bc28-e558138f0fbb
gaussian_linear,10⁵,6,NLE,0.5064,0.0002695322,1.317053,,24.579170735677085,7.25309225033809,aeac605a-d052-4f54-b48f-6d134e78cc94
gaussian_linear_uniform,10⁴,1,SNLE,0.5556,0.0018624067,1.3796669,,30.95924072265625,4.122211043328041,7a755e76-44e4-4ffb-ab6a-5d4a596192a3
gaussian_mixture,10³,8,SNLE,0.65875,0.023448825,0.7735350999999999,,7.409182739257813,10.621677601412916,2319a48f-5c7b-4cc7-9d9a-45a65b2ac340
slcp,>10⁸,4,SL,0.6033,0.013113141000000002,3.8897338,,8.338015747070312,9.33610612744044,b4dde91e-8c7d-4ee6-9997-e12b8ca386bb
sir,10⁴,8,SNLE,0.7078,0.11276257,24.738634,,9.686241658528646,16.391292035606295,62454796-997e-4cba-a6d2-7bbe9c14795a
gaussian_linear_uniform,10³,7,NLE,0.75385,0.078752756,1.4279106,,10.940285237630208,7.321428078316445,41286ee8-10c4-4763-b3a6-792c27687e51
slcp,10⁵,6,SNLE,0.593,0.009842038,10.8141575,,80.39956868489584,12.059611334916788,830d6545-d05c-4ada-9cb7-1554d4bd0fdc
two_moons,10⁵,6,SNLE,0.6299,-0.0091615915,0.09036531,,45.3484375,inf,161b1e39-a26d-400e-b5cd-dc9e19a14298
bernoulli_glm_raw,10⁴,3,SNLE,0.9854,0.8523284,3.3166248999999994,,47.24971110026042,12.20298869503954,65f55e4e-5e3f-46a0-acf2-5971e0084626
gaussian_linear_uniform,>10⁸,4,SL,0.5639,0.0101161,1.478711,,9.909293619791667,4.752787662269674,9ff53eee-8274-4520-ab57-0a5aad3dc207
gaussian_linear_uniform,10⁴,9,NLE,0.56645,0.0066027640000000005,1.3284156,,14.713041178385415,5.081385855496394,e4cc198d-58d8-403b-aa88-167ffd83a398
gaussian_linear_uniform,>10⁸,10,SL,0.565,0.011915445,1.4685233999999998,,9.281331380208334,4.550157034133179,0697fa97-441d-4e16-a74d-1662d5ed9db3
gaussian_mixture,10⁵,5,SNLE,0.58795,-0.0014563799,0.6264522,,54.59007568359375,9.125695138913388,4bd503b6-2dfb-4d55-9cf4-1672af067626
gaussian_linear_uniform,10⁵,7,NLE,0.504,0.0004771948,1.3091292,,25.34310709635417,3.6014521724661352,9d3de7a0-aab9-496a-a3ff-0a8849d972cd
gaussian_linear_uniform,>10⁸,5,SL,0.54965,0.0074549913,1.4097703,,9.506436157226565,4.442557134413914,2f05f503-0f44-4fa1-b474-6c34701766fd
sir,10⁴,1,NLE,0.8038,0.41415954,18.165901,,10.084136962890623,16.04152114710703,2c9c982f-e64c-467a-bd7f-b3ee2e83bd15
two_moons,10⁴,7,NLE,0.84845,0.008900881,0.115447596,,5.167593892415365,inf,2aa5083e-5fce-4c15-a78f-b82fc035a5cd
gaussian_mixture,10⁵,10,SNLE,0.6023,0.004653454,0.9053475,,42.384037272135416,9.175869934377657,1f9493ef-71ad-4069-bbfd-7c0fe78088b1
sir,10³,7,SNLE,0.654,0.027816772000000003,22.427662,,7.903906758626302,16.56501314684715,ee5981a9-b601-4575-8d24-5f6b570ec8c2
gaussian_mixture,10⁴,8,NLE,0.72845,0.037389815,1.1819587,,6.432167561848957,8.700960802170016,ac07da99-a5c5-40c5-a3f4-0b1669c61379
bernoulli_glm,10³,4,SNLE,0.65645,0.016619802,10.505068,,24.988289388020835,12.333633367874654,f1005d61-a376-4444-aeb0-ead1cc1bcd84
gaussian_mixture,10⁴,9,SNLE,0.5935,-0.00092470646,0.59541947,,10.772274780273438,12.706278559258731,01b9f10d-868f-475a-a2e6-a4f001e856c7
two_moons,>10⁸,9,SL,0.80215,0.46073973,0.085854396,,1.954381561279297,inf,1140622d-04d3-4235-992c-93ef8cfb12c7
gaussian_linear,10⁴,4,SNLE,0.54015,0.0034763813,1.5760396,,27.96573282877604,9.572032190329072,a6cfd59b-563d-4e9e-b7ea-d2330db93536
gaussian_mixture,10³,10,NLE,0.7943,0.14710516,1.2735217,,2.971649932861328,8.737177357123608,a5dfbf69-2d5b-4f08-8fe0-136eff860345
two_moons,10⁴,7,SNLE,0.64915,-0.0019410849,0.09127832,,8.91414286295573,inf,28a29fcb-0c89-4577-8692-2011ebd605fa
bernoulli_glm_raw,10⁵,1,NLE,0.90475,0.19948852,3.3166248999999994,,104.3029052734375,11.465802095925698,c94cb320-601f-4551-a5e4-d7af68445dfc
bernoulli_glm_raw,10⁵,3,SNLE,0.9842,0.70815814,3.3166248999999994,,176.41082356770832,11.946279697393575,748316ea-7970-4efb-8f8b-80048d8701b2
slcp,10³,1,NLE,0.9661,0.03894961,18.827385,,6.414234415690104,32.44378798453401,fdd2b831-96de-43e0-801f-8c240cf241b8
gaussian_linear,10³,4,NLE,0.76475,0.074784875,1.6669848000000005,,10.426962280273438,12.702472557247471,8f1d69c6-689a-4156-bfb8-475cd492e3ae
slcp,10⁴,5,NLE,0.7715,0.065454364,23.808235,,17.358270263671876,12.92262624603558,8304d96d-5520-4794-9252-acaa8d2c177e
gaussian_linear,10⁴,9,NLE,0.54005,0.0051568747,1.4451833,,13.170587158203125,9.969507709883477,37ff8704-6d9f-4875-a78b-c30c6fad642c
two_moons,10³,9,SNLE,0.6276,0.0007694959599999999,0.09586185,,6.4481241861979175,inf,601ab326-ea63-430f-9cea-32559f97377a
gaussian_mixture,10³,10,SNLE,0.73355,0.012787461000000002,1.0018716,,7.473051452636719,9.158431203766753,bf5c020c-a2b8-4677-a043-724a4225e8d5
slcp,>10⁸,10,SL,0.5989,0.008495808,2.6658227,,7.0594746907552075,7.159344936050792,dc4cb9f9-7823-4841-9535-865f0de50f56
two_moons,10³,1,SNLE,0.5693,0.008121133,0.09418543,,6.753680419921875,inf,fccf6a9c-3189-4a75-9899-ca118bd9a45e
bernoulli_glm_raw,10⁴,1,SNLE,0.99235,0.750008,3.1622777,,46.40595296223958,12.19459816475039,28ad2ff1-24c8-474b-98e3-67c1a37003fd
two_moons,10³,10,SNLE,0.6955,0.000310421,0.09478433,,6.782999674479168,,59545bed-8894-4b89-8ead-88f26f7c353a
slcp,10⁵,9,SNLE,0.55835,0.0008437633500000001,9.489386,,71.31905924479166,9.148935283174607,78434ce5-ad9d-48a5-bc83-fa9f24447e27
gaussian_linear_uniform,10³,2,NLE,0.6977,0.032805204,1.5795159,,10.908223470052086,6.443337189525253,61648d80-65be-47b1-a0f6-2a82f3497bb4
slcp,10⁵,10,SNLE,0.55275,0.0057011843,2.276982,,72.11339518229167,8.324829468432377,e69fe81e-76c0-4f78-8cbd-ab2971870e26
gaussian_linear_uniform,10⁴,1,NLE,0.54025,0.0048818590000000005,1.3844208,,14.509098307291667,4.606788575688717,8b1f371e-2d9c-498d-a63e-5655349cb8e1
sir,10⁴,8,NLE,0.7051,0.04004544,27.193748,,10.07294921875,17.04736989112668,cf897ec9-16f0-498a-a04f-fdfc05c53201
two_moons,10³,10,NLE,0.81055,0.006636858000000001,0.11269875,,2.9533053080240887,inf,df225b05-b300-411b-8675-f67ec8d7e598
slcp,10³,2,SNLE,0.9372,0.19459152,20.769108,,14.737124633789062,37.534639259937244,914dfa15-0d5a-4134-9dc6-97727c14b812
gaussian_linear,10⁵,7,NLE,0.5109,0.00013542175,1.3575037,,25.25820109049479,6.735854952051996,ed4aa638-2875-459a-bd14-ba903d625493
slcp,>10⁸,6,SL,0.87505,0.24711788,11.735463,,7.097716267903646,7.19950073469896,5e52beda-bfb5-4e32-813f-4a085cc58f4d
bernoulli_glm_raw,10⁴,10,SNLE,0.97365,0.31351447,5.196152,,47.16653645833333,12.834989177554915,e67b33db-fb7f-4320-be4b-eac79f186892
sir,>10⁸,2,SL,0.56145,0.007915258,20.856653,,638.8555989583333,12.059336741517225,a3c888f5-f651-4017-95ca-0fbe7d6a485f
slcp,10³,10,SNLE,0.89855,0.029152274,1.8530085,,14.09910685221354,30.180636350517478,e8c06bfe-28d9-4cbf-a9c3-73812929567e
gaussian_linear_uniform,>10⁸,7,SL,0.55545,0.0069248676,1.4202745,,9.523028564453123,4.525558310493042,3cc0700d-a9df-4492-b363-93011f4d3760
two_moons,10³,7,SNLE,0.6801,0.0042840242,0.096067265,,7.1938232421875,inf,c1031694-4c33-465c-88fb-a0a21ef85475
slcp,>10⁸,7,SL,0.8754,0.21069026,29.40525,,8.899643961588541,9.51422920256423,56946674-b6f1-4928-81f4-aae10811b83a
bernoulli_glm,10⁵,2,NLE,0.53035,0.005900025400000001,11.455746,,38.23406168619792,11.923330949298062,d20e3820-e415-4fb3-845f-818bab4b5125
gaussian_linear_uniform,10⁵,9,SNLE,0.509,0.0002516508,1.2928058999999998,,86.67066243489582,3.4742086574260767,51b87f94-4fe5-4013-95fc-d9ddb383e491
bernoulli_glm,10⁴,8,SNLE,0.56105,0.011028886000000002,9.638645,,28.634039306640624,11.83004572559385,f8fc7c9a-6b2f-4e5d-b632-0995a8e92431
gaussian_linear,10³,4,SNLE,0.69535,0.029047966,1.547383,,23.58363037109375,11.758527955595216,f8729490-78df-4a22-b532-c355911048f9
sir,10³,10,SNLE,0.8795,0.3996752,43.852024,,8.441856384277344,15.308873649911346,9987739e-0d3b-40f3-9ee3-0a1e1ee46fe1
gaussian_linear,10³,8,SNLE,0.64065,0.0080035925,1.5207939,,23.989056396484376,10.55060362173753,295bb39d-9d99-4798-af21-e67ac267a102
bernoulli_glm,10³,3,NLE,0.8001,0.14683545,11.932001,,10.67046407063802,12.587604456861405,abfd52f8-0057-47ac-ba0e-81eec2fc4f4d
gaussian_linear_uniform,>10⁸,1,SL,0.5715,0.0147771835,1.4819794,,9.908718872070313,4.502113237303631,5896b11d-26a6-4787-9102-30e63c78b52d
bernoulli_glm,10³,5,NLE,0.7298,0.051101446,17.946762,,12.280518595377606,11.72378264701695,29e688ae-ee7c-44f3-b069-3ceb7fd8b32d
slcp,10³,10,NLE,0.93395,0.055809617,2.4498477000000003,,6.33250732421875,31.294027402746547,611daa9f-aff3-4dc0-9e48-35aaffbe1407
sir,10⁵,6,NLE,0.6235,0.019371033,25.47548,,47.55647786458334,16.161330603951345,cbbe8715-1ab0-49cc-ae3a-e01aed0c0efd
gaussian_linear_uniform,10³,9,NLE,0.79845,0.12509084,1.656075,,10.990530395507813,7.1022441791869495,36c804ea-8b21-4913-8593-74b468e070e4
bernoulli_glm,10³,2,SNLE,0.66675,0.09210193,11.543003,,24.17216593424479,11.801911212268555,e04fab2b-5e9b-457f-9294-160d830f497c
two_moons,10⁵,3,SNLE,0.53315,-0.007593751,0.08949116,,39.8034912109375,inf,d68116e9-b951-4d9e-9389-dbf290d8e0db
slcp,10⁵,3,NLE,0.66135,0.0016789435999999998,26.623524,,36.36958821614584,13.5126810874033,65cc63ad-168f-4830-83d2-9cae52c937c8
bernoulli_glm_raw,>10⁸,2,SL,0.9697,0.42907637,4.358899,,636.6048828125,11.838710438556154,aec94173-e371-446b-8c66-036ddedd2537
sir,10⁵,1,NLE,0.68355,0.10506356,18.627935,,43.73837890625,15.679721145378402,71061e12-b27b-4ee6-8e89-91a8d0e70b11
two_moons,10⁵,2,NLE,0.5898,0.014284015,0.09015655,,13.01824239095052,inf,033c20a1-fd1a-4f5f-ac11-709a10651aae
bernoulli_glm,10³,2,NLE,0.7635,0.09160501,13.946976,,10.510359700520834,11.308256208128267,8b423ad7-9798-479a-ab41-3979c6334ef9
sir,10⁴,4,NLE,0.72005,0.10154116,33.24154,,12.120327758789065,15.917101603223458,a4a73de8-18a3-4c42-b6d8-dae3a11f1d26
slcp,10⁴,5,SNLE,0.6739,0.024014473,24.25774,,18.24183959960937,10.792255647576258,a6258854-ac81-4511-bb09-f697dbc5f268
bernoulli_glm,10⁵,8,SNLE,0.52375,0.008875847,9.786364,,99.5410400390625,11.596882302433624,0676fd36-0b5b-4bf0-b0a1-e3b3a1d13848
gaussian_linear,10³,9,SNLE,0.597,0.008489847,1.3654826,,23.4095458984375,10.540391920553533,5ee34c74-1f47-480b-8176-81b243c7855d
two_moons,10³,8,SNLE,0.66265,-0.0019128323,0.09158367,,6.461997985839844,inf,43d4abf3-d3db-4858-b029-f0ebf4380484
bernoulli_glm,10⁵,4,SNLE,0.55095,0.0026894808,10.121892,,95.98849283854166,12.345882325896289,5241e7ad-5705-48f6-bc8e-2cdb04ab75d5
sir,10³,1,SNLE,0.81875,0.38341475,18.083141,,7.804156494140625,16.05173851714673,01164bad-399d-402a-a6bb-ee312084caab
gaussian_linear_uniform,10³,2,SNLE,0.6585,0.021336436,1.5737996,,27.015142822265624,5.722735623600731,ee82b449-6ad9-4f59-857f-55349cc9ad18
two_moons,10³,8,NLE,0.8144,0.007879256999999999,0.119226694,,3.1058560689290364,inf,c6897423-a304-4958-8dbb-f586af459b4b
gaussian_mixture,10⁵,10,NLE,0.72205,0.054487586,1.0464716,,38.3429443359375,8.518628560780575,f6f0c537-2b57-4c39-9838-508290cd11e8
bernoulli_glm,>10⁸,4,SL,0.69455,0.03228569,11.386911,,318.44560546875,11.730935542525804,286beeba-869b-4be4-9b7b-dedd7096ab23
gaussian_linear_uniform,10³,4,NLE,0.70955,0.037199616,1.4899368,,11.166309611002603,6.76969329585713,0cf9c0f4-14ff-44ec-a603-fd18ad47b4be
slcp,>10⁸,1,SL,0.8727,0.22040749,19.467422,,7.418894958496094,7.672671806384966,b587a975-5363-4159-be82-e29ba165d187
two_moons,10⁵,10,NLE,0.7486,-0.00019431114,0.10171082,,13.886807250976565,,b56000b3-2fb0-44ae-a4a4-5039edea10d6
slcp,10⁵,8,NLE,0.7419,0.0058113337,24.00132,,39.151953125,16.905803093841115,abb964df-2025-4b52-9a2e-b63f0232bccf
two_moons,10³,6,SNLE,0.7022,-0.0053704977,0.0998501,,6.530526733398437,inf,7dd3103c-f25b-4ceb-9107-55c6e0874f68
slcp,10³,3,NLE,0.91245,0.05175519,25.988997,,6.345654805501303,34.827639519645565,d64e79e9-7de4-4405-98f6-a625228a3f04
slcp,10⁴,2,SNLE,0.7467,0.037145257,22.5477,,18.451273600260414,13.692635826597993,d6604683-cf4c-48c4-9717-cca6134ece59
gaussian_linear_uniform,10³,1,NLE,0.69665,0.040651202,1.5009582,,10.89052734375,6.5076837493438315,081d3f30-08f2-4d08-8290-4687c8e95764
gaussian_linear_uniform,10⁵,4,SNLE,0.51215,0.0002297163,1.3660855,,89.490185546875,3.4863939851682875,45672150-03c8-47ed-982a-0a7206b86af6
gaussian_linear_uniform,10⁴,7,NLE,0.53755,0.0014594793,1.3197598,,14.163160196940105,4.5392436086127015,9aec77e1-332a-4278-a148-2692eb532067
bernoulli_glm,10⁵,3,SNLE,0.5356,0.0024626255,10.2606125,,95.91576334635415,11.883241346828672,ef948786-31d0-44b9-bc61-0757cf157292
sir,10³,6,NLE,0.72705,0.046669006,31.272991,,4.353759765625,17.10950469013999,89ff122e-a634-40e9-97ea-511587583273
bernoulli_glm,10⁴,7,NLE,0.6079,0.029626966,12.920219,,14.500194295247395,11.827224541085984,c2ae3b08-493d-4165-bc1b-5a45175199f2
sir,10⁴,1,SNLE,0.7373,0.124889016,16.941074,,11.672584025065104,13.754163674129412,d8a1ed81-35d0-4740-a3b1-c818799c49ab
bernoulli_glm_raw,10³,7,SNLE,0.99965,0.49494854,5.0,,40.73179931640625,13.567383040370329,ce3112d8-1011-4c11-9e75-622acfee5f54
two_moons,10³,7,NLE,0.85075,0.008883238,0.11045396,,2.8877044677734376,inf,a665a3cd-4079-4b5f-b161-3bf87dc4b9b5
gaussian_linear,10⁴,9,SNLE,0.5419,0.0024192333,1.3783958,,27.60655517578125,9.089174495961887,25804d44-06ea-4591-b7a2-84c25e6d3999
gaussian_linear_uniform,>10⁸,8,SL,0.5627,0.012029409,1.4512949,,9.15919189453125,4.405971406725602,11b00ca4-1d52-4225-823b-f804f7e63418
bernoulli_glm_raw,10⁴,3,NLE,0.95795,0.44836074,3.7416575,,30.59281005859375,11.469480554444626,2439d4a4-bde9-4aee-8847-da4a86a26d5c
gaussian_linear,>10⁸,7,SL,0.5902,0.010011673,1.4298617,,10.510880533854166,9.41745152852702,1a17bb71-e3df-4916-9b30-c5e1a4e3faf8
gaussian_linear_uniform,10³,5,NLE,0.72715,0.05061674,1.5033858,,10.917008463541665,6.545566246073438,16ad036a-b1e9-46a7-a069-47b0c95bc1b1
slcp,10⁵,1,NLE,0.7135,0.0028662682,19.267561,,37.8776123046875,13.382452594374232,20a9b433-25df-4ff5-8240-422601755e0e
gaussian_mixture,10⁵,5,NLE,0.72205,0.013679504,0.8851718000000001,,15.159835815429688,9.587273692282883,f46f1bb7-1c88-4de1-9037-49774f2831be
bernoulli_glm_raw,10³,4,SNLE,0.9944,0.9966629,3.1622777,,38.17276611328125,11.926764877175026,be2824c2-b85f-4a3f-a69b-b9bf17519c8a
gaussian_mixture,10³,4,NLE,0.75685,0.07752597,1.3880622,,2.867965189615885,8.1781929540922,78d1c409-d407-42a8-a44f-2dd3eab627bf
slcp,10⁵,5,NLE,0.6178,0.009990573,24.745216,,48.6583984375,11.63650067134944,fc4f49f1-b20d-4ac4-b7cd-8f9d42c78f52
gaussian_linear,10⁵,5,NLE,0.5014,0.00040757656,1.3152861999999998,,24.60349934895833,7.6078972389339725,d7174057-379b-4740-ad05-e84a5a55b89b
sir,10³,6,SNLE,0.6809999999999999,0.07257855,27.12932,,8.600733439127604,16.965389768481376,4cfeea1a-10ad-45e3-8600-7b92ae7be875
bernoulli_glm,10⁴,6,SNLE,0.56585,0.030930877,13.134825,,28.62664998372396,11.873296131306242,ff2b76b2-e97e-4e9f-bb65-49c76e67daa6
bernoulli_glm,10⁵,3,NLE,0.55875,0.013014317,10.824432,,43.22969563802084,11.739106079734835,b163b3e9-50e3-4785-829f-19b3e1722a1c
gaussian_linear,10⁴,10,NLE,0.54555,0.0066428185,1.5262798999999998,,13.231145222981773,10.185402376334244,d7423df9-98e1-4d20-b48a-02093738d1bf
bernoulli_glm_raw,>10⁸,3,SL,0.9564,0.45636833,3.4641016,,521.45322265625,12.416287297657526,58318459-6fc0-4db3-b5dd-11938fd7bd77
slcp,10⁵,5,SNLE,0.56035,0.004230976,24.400661,,85.4030517578125,7.396352901007763,04f00111-13c7-4b7a-a218-a5a316a053b1
slcp,10³,3,SNLE,0.91035,0.118008494,26.819193,,14.841275024414065,38.41395459049067,e077dc9b-6f5d-4ce4-9940-4226f374b9b5
sir,10⁴,2,NLE,0.77525,0.30435055,30.512293,,9.455872599283854,16.6626818004563,442c4b7b-775e-4774-989e-a249b967dfec
gaussian_linear_uniform,10⁴,5,SNLE,0.55095,0.0038042068,1.3501456,,31.054148356119796,4.4692718801474784,8db7e6b0-faae-46f0-b3e8-56ffadb58d3e
slcp,10³,9,SNLE,0.9156,0.07437551,9.463786,,14.670650227864584,34.71881593321329,fb6d2262-6b24-4e68-aa86-63c763bc600a
gaussian_linear_uniform,10³,9,SNLE,0.6537,0.01995349,1.4235618,,27.01122843424479,5.468771449276936,4553774b-d9d6-4b14-a783-6201fae521e0
bernoulli_glm_raw,10⁴,9,SNLE,0.9653,0.6518089,3.1622777,,46.98505859375,12.868849609490965,f53033e3-ad51-41e6-b263-cca1c46cd3ab
bernoulli_glm,10³,4,NLE,0.76015,0.084922135,11.310739,,10.383719889322917,11.985994204462473,74f7af5b-6afb-46da-98fd-ed2e1624cbc5
sir,>10⁸,3,SL,0.5522,0.005510211,19.849434,,665.3013020833333,11.957603657997453,8792247a-c199-429f-b84a-7b74ce0ae9ad
bernoulli_glm_raw,10⁴,5,NLE,0.8740000000000001,0.2003969,5.477226,,27.263665771484376,12.070444083954735,0bccaca6-1529-4c37-ab9e-1d7d2a77cad6
gaussian_linear,>10⁸,6,SL,0.5594,0.005907297,1.3767731,,9.980530802408854,9.002348538934449,1a51745a-ba02-4d84-a6ac-5ad70d6ba071
bernoulli_glm_raw,10³,6,NLE,0.91415,0.22608244,5.2915025,,18.20761515299479,11.770760642435734,0293962f-727b-4652-9742-da360bc5f274
slcp,10⁵,6,NLE,0.67975,0.014311671000000003,10.357181,,47.39701334635416,13.755142793782092,01adb140-6034-4095-a661-cdbb4c340e58
two_moons,>10⁸,5,SL,0.838,0.21667564,0.087561265,,1.9561951955159504,inf,7437592a-2e3c-4c16-bb8b-46a573430ba3
gaussian_linear,10⁴,8,NLE,0.61405,0.024917126,1.6520653000000003,,12.921748860677084,11.551484998053672,d4289e3e-5fc0-4741-b44c-2352cc029f53
gaussian_linear,10³,6,SNLE,0.6184,0.0073871613,1.3348615,,23.54282023111979,10.389236323901086,3349511c-8c39-4937-942c-cbbc7d63efa5
gaussian_mixture,10⁴,7,NLE,0.73665,0.06375891,1.3804913,,6.279206848144531,9.48774147592019,4be879c3-4206-46d5-bf0d-f559530c52c8
two_moons,10⁴,3,NLE,0.71525,0.02019012,0.09347373,,6.712340799967447,inf,93ba0edf-07dc-4bf7-a4b7-7454cbcb6f2b
sir,10⁴,10,NLE,0.9296,0.48576224,51.7204,,10.320339965820313,16.680356850989316,6156bff3-7b5e-4106-9761-c422c4c1c98f
slcp,10³,7,SNLE,0.9702,0.24080968,28.784370000000006,,14.454983520507813,30.83162897290819,7ecdb048-df36-4343-aa7c-f332fe2f39bf
two_moons,10³,5,NLE,0.8726,0.006751179699999999,0.3923484,,3.0931165059407557,,cc894cfc-cc00-4e2b-a3fa-cf9961a028e5
gaussian_mixture,10³,3,SNLE,0.65485,0.004039407,0.9920802,,7.801607767740887,10.01042226849024,d4004a05-3361-480f-af18-7c8c68efb20d
two_moons,>10⁸,6,SL,0.8234,0.23569167,0.086173125,,1.9187313079833983,inf,5eea28a5-056d-467b-bdb5-2a23c8b0c242
sir,10³,5,SNLE,0.81055,0.38590622,34.935654,,7.7593017578125,17.719126321365074,5705e142-b1e7-4cda-8bc6-475442fbed7a
bernoulli_glm,10³,1,SNLE,0.5556,0.004321575,9.282963,,23.63316650390625,10.640988069084038,007e3835-87c0-4a1f-84a9-b3bd811aabb2
bernoulli_glm,10⁵,1,NLE,0.5473,0.013499379,9.633153,,40.64771321614583,10.636222926797029,938acca3-3815-4db8-b306-67bd38babc56
gaussian_linear,>10⁸,9,SL,0.59835,0.0105679035,1.4673905,,15.223805745442707,9.500729738896894,aec54c93-ea0d-4640-a196-95003f8c0cf2
gaussian_mixture,>10⁸,1,SL,0.7697,0.29050237,2.708609,,1.6110340118408204,10.253696189904518,aa128627-8eb9-4d28-a203-ed53e42b2fe3
two_moons,10⁴,1,NLE,0.6318,0.0075974464,0.101739496,,6.821876017252603,inf,2c278d31-5e2a-4bff-9851-5e9474d5c5c7
gaussian_linear,10³,10,NLE,0.7982,0.13197625,1.761857,,10.417191569010416,13.303808817186498,22ca2d4c-e999-4b4f-a685-8c556628816f
two_moons,10⁵,1,SNLE,0.50205,0.0077248809999999985,0.09042384,,43.62134195963541,inf,e37c16cf-3dda-4e26-ac3e-781fd27971a8
bernoulli_glm_raw,10³,2,NLE,0.93155,0.44014746,4.358899,,17.702974446614586,11.866735037650884,7ffc51c5-88c4-437c-b302-2402d34392f3
bernoulli_glm_raw,10⁴,6,SNLE,0.95475,0.44325626,4.690416,,47.93187255859375,12.419432370928499,a4a0c0a2-09aa-48f7-b4b4-69ab54a57e65
gaussian_mixture,>10⁸,6,SL,0.8125,0.32939145,3.4949157,,1.84811159769694,11.590969345549984,dd331c66-adf3-4528-816c-dd58c9580422
gaussian_mixture,10⁵,6,NLE,0.72315,0.035687625,1.0991533000000002,,16.701412963867188,8.934185867732717,95dcc4c2-07a1-4858-a50b-6725d2619404
bernoulli_glm,10³,6,NLE,0.7085,0.053016722,14.290915,,10.566910807291666,11.54521325857183,217255e9-64c7-4aff-a72a-68ce01eea70c
gaussian_linear,>10⁸,1,SL,0.6182,0.01585412,1.5184038,,11.103267415364584,9.850163513370939,5b262b8a-2db7-4df0-bb6a-f6072bcf3c7c
bernoulli_glm,>10⁸,7,SL,0.56905,0.007069707,13.579202,,296.6637369791667,11.881914814421382,950e142a-1e00-4430-bd6d-b1018fcbab82
bernoulli_glm,>10⁸,2,SL,0.5753,0.0093894005,12.054834,,291.69371744791664,11.916761914199906,872b64ae-a591-43d5-ac69-99f9513e4e85
gaussian_linear_uniform,10⁴,6,SNLE,0.5262,0.00149858,1.3255754,,30.751971435546874,4.094381311546837,5d9ca4e4-abb3-41fa-8cf8-65103c637b3f
two_moons,10⁵,3,NLE,0.636,0.0013843775,0.09413387,,15.207851155598958,inf,59361822-3b48-46dd-9f11-c0ee282cf043
gaussian_linear,10⁴,10,SNLE,0.5479999999999999,0.0034646988,1.4911597,,27.74944051106771,9.448369619523733,f3ec4b85-248a-40b8-8e2e-f30da255f5f3
gaussian_linear_uniform,10⁵,10,NLE,0.50685,0.00072562695,1.3574777,,20.69769897460937,3.6914866524167835,a07f9d2e-74a7-405e-999e-80ae1e7a1a37
bernoulli_glm_raw,10⁴,4,NLE,0.97195,0.5669202,3.3166248999999994,,31.60645751953125,12.64600133623394,748e4f7f-c7df-44ed-86ba-e27f6f2cf224
two_moons,10³,3,SNLE,0.63215,-0.009620428,0.091813326,,6.595177205403647,inf,8b14734e-e67f-48e6-94a6-3700e34f3d99
bernoulli_glm_raw,>10⁸,7,SL,0.9806,0.44719192,4.690416,,702.6231119791668,11.43927042099828,fdc10182-0b6b-42fb-a283-a50e7c481be3
gaussian_mixture,10⁵,4,SNLE,0.5862,0.0041093826,1.0288863,,44.12973225911458,8.771413305212338,7d93f9cd-e1dd-498f-8abd-0a083e1a2018
slcp,10⁵,4,NLE,0.8248,0.027750015,3.2109041,,32.977134195963544,23.620117112907902,cb5cd737-dd1a-428a-bd39-274c6b703043
two_moons,10⁴,2,NLE,0.6456,0.024364948,0.0941204,,7.357114156087238,,9164ce0c-baf8-4ae3-a3e1-08af5b3a06ba
gaussian_mixture,>10⁸,9,SL,0.8251,0.34869623,3.795877200000001,,2.018931070963541,12.224814514342516,a8603def-ef73-45c6-80e2-8e10070d4d8b
bernoulli_glm_raw,10³,1,NLE,0.81755,0.05834818,3.6055512,,18.17029622395833,12.069272889047205,8590d470-7752-4e50-bc69-ad57c55deb83
gaussian_mixture,10⁴,2,SNLE,0.71555,0.018306136,1.1160133999999995,,9.5991455078125,8.598585879763371,3096528a-aaeb-4824-be11-7930b5bd1c58
bernoulli_glm,10⁴,2,NLE,0.58085,0.009368062,11.673269,,14.766786702473958,11.871487068047823,8905b97e-c1cd-482d-b4db-0000a9073137
sir,10³,7,NLE,0.81745,0.13690883,30.903074,,4.675525919596354,18.106818269366688,f037d412-91a4-481c-9eba-1741799f7677
sir,10⁴,7,NLE,0.7757,0.12842739,27.910572,,11.46177266438802,18.30206588742891,469c907c-dc79-40c1-9e53-8cca20ff6cc1
gaussian_linear,10⁴,5,SNLE,0.54835,0.0032687187,1.2978294,,27.96396280924479,9.434218853163262,6a6c40b1-50a6-4786-bbfe-85c0c41d07b2
gaussian_mixture,10⁴,6,SNLE,0.67285,0.024024189,1.1585815000000002,,9.493923950195313,8.749418260631357,0aadf0dc-74e5-4e72-8546-fa124d5e1180
bernoulli_glm_raw,10⁵,5,NLE,0.9517,0.43475068,5.2915025,,93.06219075520832,12.46246461127236,09efddaf-8e6b-49fa-b001-272c19a686fc
slcp,10⁴,8,SNLE,0.70335,0.020023108,23.854603,,18.763008626302085,13.560247400848127,fd9de2e0-2976-4442-a763-9554c85d52bf
gaussian_linear,>10⁸,3,SL,0.59475,0.011235476,1.4760313,,11.510186767578125,9.562471297482972,6234eb4a-4721-4488-ba7b-4fd804089202
bernoulli_glm_raw,10³,3,SNLE,0.99585,0.9602777,3.3166248999999994,,38.55750732421875,12.058190485747163,ef4cb2b1-643d-4edc-834a-ec6c6dc4afec
bernoulli_glm,10³,8,NLE,0.7411,0.20514041,12.011799,,10.688576253255208,10.85527292977142,e9951c46-dd14-495a-acb0-0714cb177c5e
bernoulli_glm_raw,10³,8,NLE,0.87125,0.3425994,3.4641016,,17.883736165364585,10.866096939773557,222ab973-d86e-421f-8e86-6bfb34121f7c
gaussian_linear_uniform,10³,10,SNLE,0.6363,0.0119149685,1.4541413,,28.183256022135414,5.479191167515757,7b726639-65d3-4405-a8d1-4edc8ce583cc
gaussian_linear_uniform,10³,3,NLE,0.7613,0.07219463599999999,1.6896726999999998,,11.022186279296877,5.784143654688956,deffcc43-c834-4f70-979a-750c55c1f713
gaussian_mixture,10³,1,SNLE,0.76235,0.07137805,1.1272949,,7.738875325520834,8.671806684129088,d98137d3-3334-48fe-bc58-180bf516808b
sir,10⁵,2,NLE,0.7315,0.23319006,26.057629,,52.74652913411458,16.17051398724883,3fcd7683-139b-46d2-9863-d64c0514087e
bernoulli_glm_raw,10³,2,SNLE,0.99725,0.8199787000000001,4.582576,,38.61300455729167,13.448632885608502,2ce5f12c-383a-4cb0-80bf-1308ea96f831
slcp,10³,5,SNLE,0.88745,0.17473423,23.126915,,14.790641276041667,36.87829468283591,3a9d8874-492e-4ce6-86b9-c3d4aa968029
bernoulli_glm,10⁴,1,NLE,0.5931,0.017673492,9.761988,,14.579036458333333,10.391486079304984,565fc513-9906-4c21-89a3-c3b4922b5a95
gaussian_linear,10³,8,NLE,0.7365,0.06834304,1.766976,,10.558258056640623,12.482899020032654,29e76af9-4d2f-420a-bb86-d8462909d238
two_moons,10⁴,8,NLE,0.8096,-0.0011370182,0.10944854,,6.958566284179687,inf,775e69f1-abe1-4ea0-8167-2e13942d40e0
gaussian_linear_uniform,10³,5,SNLE,0.6281,0.0062048435,1.3517048,,27.57357788085937,5.242333932736852,96a7502a-e417-4816-a4d9-04460d201e1d
sir,10³,3,SNLE,0.8706,0.39140314,40.155945,,7.570093790690104,17.751388596042332,14ec9a0f-da3a-47fb-b024-58ed194ae147
bernoulli_glm,10³,9,SNLE,0.58565,0.005718231,9.547319,,24.04154459635417,11.612225130727587,af044f93-9dd3-4699-aaad-4ffefb2bd27f
gaussian_linear_uniform,10⁵,10,SNLE,0.50735,0.0003732443,1.3491817,,92.512841796875,3.4086432588557143,fa53020b-6ed9-4669-923a-d729005ec6f3
bernoulli_glm,10³,10,SNLE,0.58385,0.011362076,14.886133,,23.98774617513021,11.986884386723359,e1e25923-67e9-4333-a8ba-0d33c223363c
two_moons,10⁵,4,SNLE,0.519,0.0015848279,0.08958122,,43.57857666015625,inf,07813dde-0fe9-4fb6-a934-522b8bf0ded4
bernoulli_glm_raw,10⁵,4,NLE,0.9534,0.6127528,3.3166248999999994,,158.27088216145833,11.243006293928609,aaddf11a-5613-44fb-a10e-dafd7229f502
sir,10⁵,3,NLE,0.6782,0.06243515,21.236761,,31.59848022460937,14.788993014234686,f065854b-6ec2-4fdf-8996-b2c5bd759cdb
gaussian_linear_uniform,10³,10,NLE,0.7042,0.03218162,1.4567347,,10.790306599934897,6.298472736283988,4e51efd8-9eb2-4562-89b7-a3f5230ee060
bernoulli_glm_raw,>10⁸,10,SL,0.9835,0.47350803,5.0990195,,625.2609375,11.539825493083827,5a0c6b96-5cf5-454b-a3c6-45a5f1470b58
bernoulli_glm_raw,10⁵,6,NLE,0.9795,0.27752578,4.8989797,,82.38905436197916,13.754897920451029,1dad0dc7-dac9-4da0-af4d-e9a8e23af2ca
two_moons,>10⁸,8,SL,0.79185,-0.0002361536,0.08650614,,1.915259552001953,inf,65d68991-3d63-4ec6-bb5a-3235a9dfc01f
gaussian_linear_uniform,10⁵,2,NLE,0.51135,0.0007543564,1.401553,,26.85616455078125,3.6667469267072175,3645f40f-997f-4923-a676-bf9962b9f274
sir,10³,3,NLE,0.73535,0.19784367,26.925823,,4.319370524088542,16.919007764247226,781b1e91-1675-4452-9c2e-48593a9f15e6
two_moons,10⁵,9,NLE,0.599,-0.0019809604,0.08960968,,21.95399576822917,inf,bbb3c09a-dfed-4fb8-a04e-a8da3d994215
gaussian_mixture,10⁴,7,SNLE,0.6121,0.006396413,1.0415282,,9.554829915364584,9.24726855544412,13cf3428-212c-4cd9-9bff-c4beb83c8c6f
gaussian_mixture,10⁵,9,NLE,0.61595,0.0010000467,0.8404510000000001,,17.439729817708333,9.873084632127068,eee8ae09-4e04-413b-b016-9f84dbc47768
two_moons,>10⁸,1,SL,0.79245,0.2241664,0.08762345,,1.9151643117268882,inf,b73a7d35-d0b0-4ecb-8550-76995249fead
gaussian_mixture,10³,6,SNLE,0.713,0.040693402,1.1003436000000002,,7.288638814290365,8.711430044942569,972053e6-6f27-47b1-bbe9-d3f7a5b937d2
slcp,10⁵,2,SNLE,0.64085,0.03246653,22.067307,,83.15541178385416,10.569244163039313,67defd4b-e065-43c3-b748-46da9bdfe7cd
bernoulli_glm,10⁵,6,SNLE,0.5153,0.00025856495,13.385757,,91.6991455078125,12.008116218661533,033a3f6d-1255-4cd6-b739-fd6362e4c942
slcp,10³,4,NLE,0.97675,0.06335318,3.0282354,,6.256345113118488,32.3209389853509,dd4c180d-89e9-40c8-98e4-90a0d747c271
bernoulli_glm,10⁵,8,NLE,0.5582,0.009188652,9.927605,,35.943115234375,11.481960459488185,2b4bdbd8-d00b-491b-87bd-181526581f85
bernoulli_glm,10⁵,2,SNLE,0.52055,0.0055804253000000005,11.584131,,96.84226888020834,11.959031367182845,a2305e83-f1c0-4e24-a537-16a36af66c53
gaussian_mixture,10⁵,2,SNLE,0.8736,0.44408423,4.319008,,40.15921630859375,12.1155883175489,ac3cf38d-7361-478c-b3cc-62e3cce43a75
sir,10³,5,NLE,0.74405,0.102234066,32.62668,,4.435006205240885,16.88551080515678,114f6eb2-92de-440a-a32d-352cdc01c3dc
gaussian_mixture,10³,7,SNLE,0.73665,0.017753243000000002,1.0953748,,6.97308349609375,8.525974522423576,ffea29f3-f997-416f-afce-64643324103f
sir,10³,2,SNLE,0.64585,0.06954527,22.494444,,7.957858276367188,13.991365836705024,a5d81b0f-f610-4637-a31d-05f9fecdd50a
bernoulli_glm_raw,10⁴,2,NLE,0.9827,0.63891345,4.358899,,29.453228759765626,12.440438075373693,5e84f0b9-235b-430f-a84c-351e5142f8ba
slcp,>10⁸,5,SL,0.8756,0.25559926,24.880653,,9.282288614908854,7.507503068018526,96d7421d-f665-4b6c-9b9e-6733404d47d9
sir,10⁵,5,SNLE,0.6653,0.033484936,23.88514,,50.19960530598959,16.95833341886944,40107ca2-593a-4335-a21a-744141401e86
gaussian_linear_uniform,10³,4,SNLE,0.6607,0.016698003,1.4331958,,26.91628621419271,5.88981552422076,5d799306-2245-4269-a703-89a8d80edf60
bernoulli_glm,10³,3,SNLE,0.66275,0.041294336,10.660356,,23.841902669270834,11.854171574221473,445cc286-291c-428f-a7db-28629608c653
gaussian_mixture,10⁴,8,SNLE,0.71165,0.029546082,1.2247642,,10.1830078125,8.712635625123829,fcb01c00-7f61-47db-a157-29b9cc6c88d9
bernoulli_glm_raw,10⁴,10,NLE,0.93595,0.21077144,5.656854,,35.0184814453125,12.32447824291034,0d21fb31-632c-4063-8c8c-7d67edaac85a
bernoulli_glm_raw,10⁵,7,NLE,0.9954,0.5685525,4.7958317,,117.65867513020834,13.251007044536028,44797f12-eb6d-47ea-a6d2-56f689d1aa43
gaussian_linear_uniform,10³,3,SNLE,0.7279,0.042174578,1.5607378,,26.92366739908854,5.296213855719572,6f8b3c16-426e-4db3-8a8a-c80aef6b3488
bernoulli_glm_raw,10⁵,8,SNLE,0.9925,0.9610259,3.3166248999999994,,165.709521484375,12.235310036901476,9895e2af-1b5c-4f9b-aeb0-c922cb0cb4ef
sir,10⁵,9,NLE,0.7279,0.1256262,35.735138,,36.38955078125,16.455958349011258,eadb7ed4-3a9e-4182-bd50-779bfecb71fc
gaussian_linear_uniform,10⁴,3,SNLE,0.56885,0.0033346415000000003,1.5261543,,31.04361368815104,3.9217458648670993,3a880ad0-0e50-4910-aab6-ec33a9d9f2e7
bernoulli_glm,10⁵,4,NLE,0.5684,0.009774327,10.30348,,46.0224853515625,11.828169833407529,f923b6b0-6100-4b44-945e-b4031190dd2b
sir,10⁵,8,SNLE,0.6175,0.03461504,21.494184,,62.73268229166667,15.891085822718422,57ed585d-c7ee-4f02-a518-3c228254ae1e
gaussian_linear,10⁵,7,SNLE,0.52555,0.0017123222,1.3658148,,84.19917805989583,8.636700606142762,0bb197ea-4593-4f5f-9156-02689318a96d
two_moons,10⁴,5,SNLE,0.6381,0.01327014,0.09780866,,9.58948262532552,,771e7bf0-2d7f-4845-b685-8486e8766302
sir,10³,8,SNLE,0.75515,0.060580015,30.454884000000003,,7.878751627604166,17.853402927501786,f3468dd3-27f8-4a4d-9e17-2f9362b65f5b
bernoulli_glm,>10⁸,10,SL,0.56745,0.009505987,15.190453,,284.32867838541665,12.012510772409446,a62d6b61-d30e-4d1b-8e30-f1690cb30b74
gaussian_linear,>10⁸,2,SL,0.60025,0.011900783,1.4697031,,9.954090372721355,9.632941745337043,06bc9898-2a5d-498a-9052-16c478f99f3a
gaussian_linear,10⁵,1,NLE,0.52325,0.0014615059,1.4324921,,24.38606770833333,8.724684726518214,64d0644a-5b53-42f1-b721-ef77a3bfd1d0
gaussian_linear_uniform,10⁵,1,NLE,0.50555,0.0005687475,1.332191,,27.80226643880208,3.4876328428441083,af9a9fe9-8573-4924-87a8-6b70d26b525f
two_moons,10³,1,NLE,0.67485,0.006517172,0.104353026,,3.1411046346028644,,e472aecc-1838-4dd2-ac33-543cba264a82
gaussian_mixture,>10⁸,3,SL,0.7509999999999999,0.24538502,2.446559,,1.615941619873047,11.069403644796589,a725d6ac-d9f4-46fb-94ce-b86e3d9cce53
gaussian_mixture,>10⁸,4,SL,0.78565,0.29091665,3.0818799,,1.7475207010904947,12.02912315332371,588c013f-d87f-4a96-8839-23fd2ac34f6b
gaussian_linear_uniform,10⁵,6,SNLE,0.5038,0.00034320354,1.3111517,,87.55467122395834,3.3783704176666625,93fcbe89-8e95-41e6-a626-ffd8dba50804
gaussian_linear_uniform,10⁴,9,SNLE,0.54585,0.0017936229999999996,1.3272549,,31.270511881510416,3.9367101155643542,c85549d0-80c0-4d07-b6c3-6b8a6966ef8c
bernoulli_glm,10³,7,SNLE,0.6455,0.073928475,12.8610935,,23.61027628580729,11.693151995394864,ee9867a7-262b-4e39-9eeb-5407fd3bc37e
bernoulli_glm,10⁴,5,NLE,0.62275,0.019758344,16.729702,,13.457710774739585,12.313512103688726,a768b400-5635-461a-917e-7a9bf76e5c50
gaussian_linear_uniform,10⁵,7,SNLE,0.50375,0.00028812885,1.3291278999999998,,90.1878662109375,3.4288086576369747,660e2be7-f4f7-4095-90cf-f045fa4b1739
gaussian_mixture,10⁴,5,NLE,0.73505,0.028703988,0.99460614,,7.56642100016276,8.812005731552382,9f3d9faa-d9e8-435e-a756-82cd404a6f3f
bernoulli_glm,10³,8,SNLE,0.59405,0.0055187940000000005,10.041403,,24.397871907552084,11.196673944704369,779f269a-17e0-4fac-9f9f-21638c3c2387
slcp,10⁵,1,SNLE,0.5574,0.0028085709,19.17474,,79.92169596354167,10.7209287484681,43659e43-7842-4095-a8f4-5083c6f9a58d
gaussian_linear_uniform,10³,8,NLE,0.6606,0.02086091,1.4156966,,10.923158772786458,5.522726596552942,7ba889a2-b52a-48ed-b505-756487671889
gaussian_linear_uniform,10⁴,4,SNLE,0.5605,0.0030759573,1.3786218,,31.016231282552084,4.810804460666047,9987fe6c-fdd7-47e7-9c6e-2f3919d2f99a
slcp,10⁴,8,NLE,0.79305,0.095455766,24.680264,,17.084159342447915,15.57296089246596,1dbecebe-8c75-462f-9be2-b9d536e9cd7b
two_moons,>10⁸,10,SL,0.79485,0.0024478436,0.0853862,,1.9767584482828773,inf,6b03519d-3660-4f24-8619-1374dd1c6a01
sir,>10⁸,5,SL,0.55315,0.003056407,24.41311,,763.578515625,13.898041429128543,d12dae10-ba23-4b01-b586-edc5b88b16a8
two_moons,10⁵,6,NLE,0.6196,-0.008664011999999999,0.08590472,,12.32057088216146,inf,6fada8b1-192a-4db3-a194-9bdb94c8f13d
two_moons,10⁴,6,NLE,0.6107,-0.009119153,0.09577148,,7.128108215332031,inf,e5d92432-2a40-40c4-876e-3ef268952383
bernoulli_glm,10⁵,10,SNLE,0.50955,0.000934124,14.660513,,93.10199381510417,12.106386776345113,60d1dfda-4ec7-4f11-a053-5d760a30da69
gaussian_mixture,10⁴,5,SNLE,0.7235,0.038406074,1.0481286,,10.022031656901042,8.457013158255618,b1c3d24a-8bf6-447d-8e0c-7371e1ffcf68
gaussian_linear,10⁵,10,NLE,0.52425,0.0025599003,1.5030733,,24.34582722981771,9.263704630436514,e5adad4c-bbcc-48a8-93c6-cd2629b61b90
gaussian_linear,10⁵,5,SNLE,0.50495,0.0008659363000000001,1.3069983,,88.95304361979169,8.067237116332393,51afd7d9-e009-49d8-b422-270ba81cbab6
bernoulli_glm_raw,>10⁸,1,SL,0.96495,0.44212478,3.3166248999999994,,499.04134114583326,11.521242680838542,63a968f9-9d41-4610-92ec-38b432c2f03f
gaussian_linear_uniform,10⁴,5,NLE,0.53705,0.0031485558,1.3358678999999998,,13.84800821940104,4.853930800505281,fda47e89-c3db-4d44-b9d4-4a1292248367
gaussian_mixture,10⁵,3,SNLE,0.62415,0.0098929405,1.1346023,,48.3937255859375,8.53010487570505,f33ed0a8-cd94-4b18-9bdb-7ec5ba5228be
bernoulli_glm,10⁴,3,NLE,0.5967,0.021684527,10.606233,,18.348826090494796,11.765465941346907,4560576d-a867-433f-8f3b-18dfb756451e
bernoulli_glm_raw,10⁴,1,NLE,0.88255,0.14831996,3.4641016,,26.7947021484375,11.072929500319054,28e71a99-583f-4ffe-a882-6a0a5586a638
slcp,10⁴,2,NLE,0.7604,0.055172324,22.526909,,18.28649291992188,12.447573976929787,07f183d0-89aa-49bd-806b-c8b238db61d1
gaussian_linear,10⁵,2,SNLE,0.5162,0.0006227493,1.4052056999999998,,83.69613444010416,7.485916040954213,cbec9999-bb9a-4f5e-9ed5-e33bb5c08301
bernoulli_glm,10⁵,10,NLE,0.5476,0.010358095,14.990288,,43.70300699869792,12.128911216317695,807a4835-d78a-4150-b522-9207c814762c
gaussian_linear,10³,7,NLE,0.5938,0.011049032,1.3959742,,10.505167643229166,10.817341718392761,ae81bb27-8cc4-4ed7-8037-4d78e2e40f67
gaussian_mixture,10³,4,SNLE,0.6878,0.00031292439,1.001329,,7.254169718424479,11.97785247998807,9bb3f936-1dc9-4aaa-a5ca-46c29e260b70
two_moons,>10⁸,7,SL,0.7973,-0.00035822392,0.087295845,,2.036335627237956,inf,69313c0b-d7d3-4024-b7cc-f62f84dca776
sir,10⁵,1,SNLE,0.74305,0.050167322,17.349352,,47.65073649088541,14.928719725278745,1649a0e8-b2f8-4c70-92e6-a38a8b035bd3
sir,>10⁸,8,SL,0.53915,0.0031075478000000003,22.113344,,676.1521484375,13.024702035783978,3b54c748-cf24-4012-8cf8-54a959575c78
gaussian_linear,10⁴,1,SNLE,0.5551,0.004946232,1.4164295,,28.27593994140625,9.905617781985397,0e2eb720-d312-4071-bb08-d3a8e803a637
gaussian_linear,10⁴,6,SNLE,0.53845,0.0025947094,1.3173938,,27.81907145182292,9.264614992790316,8b080d0f-d197-45fb-abf7-c87bffa0e39f
gaussian_mixture,10³,9,SNLE,0.6758,0.0057040453,0.7643426,,7.25037129720052,9.713482795405383,a0820057-8410-4d1c-b5f4-7f4b3677fb6c
gaussian_linear,10⁵,8,SNLE,0.53005,0.0015910864000000002,1.5269077,,81.32134602864583,8.561871580479261,24e670a0-8b82-41b2-923f-3a8f001183d3
bernoulli_glm_raw,10⁵,6,SNLE,0.99455,0.80996156,4.7958317,,183.33585611979169,13.191658070005374,7cddee23-aa80-4b9e-99ea-bdca476fbac8
slcp,>10⁸,8,SL,0.75935,0.19931781,24.439173,,7.721879069010416,8.146990704308525,4cbb3a3d-3234-4e10-b8b3-b56d091b4503
gaussian_mixture,10³,7,NLE,0.8865,0.31598067,2.8089576000000003,,3.365123748779297,11.766445969186332,c25ac98c-3053-416a-acb9-4482fc2370b5
bernoulli_glm,10⁵,1,SNLE,0.51605,0.0042408705,9.265148,,101.141796875,10.885042573364666,18f91c99-ba27-48a4-bad7-a77baf5d55cf
bernoulli_glm,10⁵,5,SNLE,0.51765,0.0010147095,15.615651000000002,,94.17577311197915,12.616109885495648,3d66a0a9-7fbe-44b5-8ea0-e3c083c9a6b6
bernoulli_glm_raw,10⁵,8,NLE,0.91395,0.21155918,3.6055512,,109.0945068359375,11.62969145027286,04450961-5c1d-4248-8d56-4d04f240ca76
gaussian_mixture,10⁴,9,NLE,0.7459,0.11743641,1.6588414,,6.249700927734375,8.78080615286013,05946d7a-0570-4f17-b5cd-9b601ee45a07
gaussian_linear_uniform,10⁵,2,SNLE,0.5137,0.0005457401,1.4398003,,90.3925537109375,3.618372758802247,06f64b01-b10c-4fa1-96bf-85908f0a18f4
slcp,10⁴,4,SNLE,0.7929999999999999,0.025702357,3.2342913,,17.99245402018229,25.352623922812985,19c6d17c-87bc-4011-a2ac-7de6510922ca
gaussian_linear_uniform,10⁵,3,SNLE,0.51825,0.0009357929,1.4931252,,88.12405598958334,3.4053004857391937,9a7c80ad-ffdc-42dd-939f-07710c595c53
gaussian_mixture,10³,9,NLE,0.76375,0.1379841,1.6345838,,2.9929967244466145,10.605471449060783,7451a4b6-8983-4882-8713-d01189d0baee
two_moons,10⁵,5,SNLE,0.50175,0.0052176714,0.093512006,,44.17589925130208,inf,dfb55912-a162-4841-8d7f-3c7520190204
slcp,10³,8,SNLE,0.92755,0.2123307,23.346481,,14.747183227539065,29.041526461479464,bd476aae-3e43-48f0-98c7-ee64190ece14
bernoulli_glm,10⁴,9,SNLE,0.5474,0.014064193,9.375478,,28.302728271484376,11.45541154676962,cb0eff5f-e912-4e10-9f78-c56d192c29d5
bernoulli_glm,10⁵,9,NLE,0.54985,0.007693290699999998,9.597182,,43.21780598958333,11.397969055638955,5c36400b-e55d-4b57-a289-dc14fc1902f2
gaussian_linear,10⁴,2,NLE,0.52375,0.0011854172,1.4119203000000002,,12.942071533203125,8.640979858049464,1a4fadcc-7c92-4517-afed-f4f22b4bec43
gaussian_mixture,10⁵,1,SNLE,0.58275,0.00015938282,0.8144680000000001,,49.38890787760417,11.310827273342287,da7425e7-dde7-42c6-90d8-08faef048309
sir,10⁵,10,SNLE,0.6523,0.029151142,25.787594,,53.03226318359375,14.048447913030438,b890d05b-c779-4fa8-a68f-347803e4ddfe
gaussian_linear_uniform,10⁵,8,NLE,0.5057,0.0005748272,1.3300215,,24.960355631510414,3.354751093468058,5df392d6-7848-48b5-a535-6e5477540a05
two_moons,10⁵,5,NLE,0.67335,0.007016778,0.101611495,,17.988629150390626,inf,04d1acfb-3d53-42a3-a1c5-fb468a2c542b
bernoulli_glm,10⁴,3,SNLE,0.55185,0.011104822,10.135422,,29.002372233072915,11.883127888585037,c99275f3-8c4b-4692-8b29-694ab1ff8911
gaussian_mixture,10⁴,1,SNLE,0.91035,0.47424343,8.817354,,9.787320963541667,16.217363081416824,e2ef0bff-9d9c-4b52-ab92-dc2820e4d678
two_moons,10⁵,1,NLE,0.5983,0.009516239,0.09217784,,17.155135091145834,inf,da662585-5206-44bf-95e0-9eecc520cd2e
gaussian_mixture,10⁴,2,NLE,0.74525,0.05530286,1.3130592,,7.0248148600260425,8.822815525684739,0d8e3b7b-c630-4fc5-8423-94ab2c0120d6
bernoulli_glm,10⁵,6,NLE,0.53175,0.0030292273,13.419851,,32.96129150390625,12.06572711790226,90f52b2a-4096-4fb4-813f-a973817d024f
sir,10⁵,6,SNLE,0.6194,0.04303527,21.44761,,55.9181640625,15.661518521505338,ceecec21-3f9e-4da3-94e6-db973f4435cd
gaussian_linear_uniform,10⁴,7,SNLE,0.55405,0.0019009113,1.333159,,31.02814737955729,4.4344174515632115,2c00f8ec-1bcf-42ac-bdf4-dc35c9f06d6d
bernoulli_glm,10⁵,7,NLE,0.5251,0.0027461052,12.913017,,44.5887939453125,11.775588423285805,e63baad2-a01d-4d0d-bdbe-d2dd526b7450
slcp,10⁴,7,SNLE,0.77735,0.01238215,28.713814000000006,,18.954852294921874,16.49479949071023,eb4f1ea9-b00f-48b5-8c3d-7b17920d404e
two_moons,10⁴,9,SNLE,0.53415,0.006188929,0.09111017,,8.927120971679688,inf,67ad18aa-a2c2-4ee1-ba7e-bd34dce12093
two_moons,10⁵,7,SNLE,0.9024,0.07619989,0.13826692,,48.13848876953125,,1be9f5b1-7ab8-4a49-a062-d400f2014cd0
gaussian_linear_uniform,10⁵,8,SNLE,0.5092,0.00024855137,1.3363864,,90.36890462239585,3.3330874417049894,9d95488a-ea72-4a65-bade-b06b837379f1
slcp,10⁴,6,NLE,0.75185,0.052891254000000006,9.987125,,14.490658569335938,12.345955624058426,9fc66973-7504-41b7-8fbd-c03ec40c6d9c
gaussian_linear_uniform,10³,1,SNLE,0.63875,0.01522553,1.4409623,,27.26467081705729,5.162829718846541,fe409ff5-79ab-41a8-8596-c0546da96bdb
gaussian_mixture,10⁴,1,NLE,0.7227,0.03006041,0.9441083,,7.844931030273438,11.273587616001267,929cdc47-7580-408d-a30f-e99108f0149e
bernoulli_glm_raw,10⁵,9,SNLE,0.99185,0.96940255,3.1622777,,160.559912109375,11.829719055180744,9db10322-f111-4d3b-954e-525b9005bc3d
bernoulli_glm_raw,10⁵,9,NLE,0.9384,0.16917121,3.1622777,,110.66881510416668,12.882991201430961,23476188-d97d-447c-803c-b74ef9b61e5c
two_moons,10⁴,2,SNLE,0.53595,0.012015939,0.09071361,,8.460949198404949,inf,e60e63c5-c997-4c91-afd6-543d83f6296c
gaussian_linear_uniform,10⁵,3,NLE,0.5161,0.0017485619,1.484365,,28.41508585611979,3.557120775018197,b9fbb1be-39d6-4831-b1ed-9a7201a9fd3d
sir,>10⁸,7,SL,0.53155,0.0027697086,20.880613,,628.211328125,13.04947160076954,dc64209c-60f1-4afd-85a8-4d232c001aff
gaussian_linear,10⁴,4,NLE,0.62005,0.025420547,1.6600811000000002,,13.722999064127604,11.566412960337171,af721c67-3ed1-415f-8630-69b5d7a059ec
two_moons,10⁵,4,NLE,0.64675,0.0015005469,0.09192785,,11.290320841471354,inf,d47a4b0a-474d-49b8-8d58-78724e95a48a
gaussian_linear_uniform,10⁵,5,SNLE,0.5095,0.00026404858,1.3168673999999998,,93.78677571614584,3.5271098320505088,4ab3a40a-55e1-46af-b284-87d0d0fc7f4e
slcp,10⁴,3,SNLE,0.66035,0.011187315,26.042881,,18.06459757486979,9.181503661963283,41613feb-e40c-4bc5-a237-cd01704e197b
sir,10⁵,5,NLE,0.71285,0.112386346,29.137604,,42.1480224609375,15.69908060568063,2f9d72d0-0684-4bcf-a62c-094645b75b0e
gaussian_mixture,>10⁸,10,SL,0.74145,0.21291825,1.7913496,,1.6344796498616536,10.05643217679924,687ac6e0-a8c4-4943-97f2-023f29e1626a
two_moons,10³,2,SNLE,0.7013,0.029384375,0.09557645,,6.526317342122396,inf,e6591904-0647-4e93-8e5d-ed2cc7e25612
gaussian_mixture,10³,3,NLE,0.7390000000000001,0.027913451,0.52625555,,3.51355463663737,11.386254031784839,7d5ea037-1443-4825-88d5-1afd59a26e42
gaussian_mixture,10⁵,8,SNLE,0.5991,-3.4213066e-05,1.1011662,,49.20948079427083,9.669617995235562,e05c4048-fd10-44c6-8379-edcd3c8d7dfa
sir,10⁴,9,SNLE,0.9025,0.28320348,33.704597,,9.69181620279948,18.1734716771313,aa368c2e-5368-419f-bb1a-e461a15b4cba
bernoulli_glm_raw,10⁴,6,NLE,0.98175,0.4367395000000001,4.8989797,,29.68152669270833,11.991853094116205,46c1f8cd-0b4d-4838-b19a-fd98fce3391b
bernoulli_glm_raw,10⁴,8,NLE,0.92745,0.20805693,3.6055512,,30.63966878255208,11.760569376249116,eb57edba-8a35-4613-8070-7e9c8b1bc0a3
sir,10⁵,4,NLE,0.71145,0.08037835,32.787193,,35.641357421875,16.19635982413044,32a5b107-feee-467a-a7c9-4d50c5d1c521
gaussian_linear_uniform,>10⁸,3,SL,0.63925,0.039209485,1.7038069,,13.299778238932292,4.78032780964797,079020eb-73eb-48b3-9314-a7f219135ddc
sir,10⁴,4,SNLE,0.98655,0.65327185,82.43483,,10.037277221679688,17.532433589275964,2b014ca0-4d05-4335-976e-ec8c5d9758d9
bernoulli_glm,10⁴,6,NLE,0.5904,0.015856743,13.409135999999998,,13.17822774251302,11.95858664374918,3171030d-8856-4e6c-8f70-c5af4e24c04b
gaussian_linear,10⁴,7,NLE,0.5365,0.0031170845,1.396451,,12.717146809895835,9.436646756256792,998915c7-79d8-48a5-ad72-82764a824de1
bernoulli_glm_raw,10³,5,SNLE,0.99565,0.5444699000000001,5.5677643,,38.2486083984375,13.252348552124223,362f53d1-51df-4034-aada-acfd930e5313
slcp,10³,2,NLE,0.9609,0.21434444,23.29512,,6.411187744140625,35.92740822202713,e8827c20-a124-4c48-80e0-79453e94c01f
gaussian_linear,10⁵,6,SNLE,0.5178,0.0007696152,1.3305321,,84.132177734375,7.802917160514977,5e9f2313-fd75-4569-a8e8-58b1495fbea2
gaussian_linear,10⁵,3,SNLE,0.5181,0.0006607771,1.407232,,82.75816243489584,7.826627555799897,73f89ae6-9b11-4782-86f5-9798f082daee
sir,10⁵,4,SNLE,0.60725,0.033998013,25.377155,,62.93203531901042,13.250709449460823,426c12b2-20b4-4ab4-b3fb-dc89bd082301
slcp,10³,9,NLE,0.952,0.027710676,10.928468,,6.943938700358072,33.900333171808875,efb8d818-efa0-41b8-908b-56f7485579cd
slcp,10⁵,10,NLE,0.65125,0.0070341825,2.1162596,,33.6808837890625,14.681410956080253,b85b3b59-12c6-4092-af07-e12b3e90b55a
bernoulli_glm_raw,10⁴,7,NLE,0.9512,0.20273876,4.8989797,,30.39302775065104,12.281888633194578,69d25cdb-df67-4512-88d9-3aa7ce30610d
gaussian_linear_uniform,10⁴,2,SNLE,0.5604,0.0020406246,1.445832,,31.70169474283854,4.43489466351604,7bde6604-2920-440c-bec2-a1612909bb62
gaussian_linear,10³,1,NLE,0.6475,0.024970293,1.5639516000000002,,10.673258463541666,11.559993957436928,0d479ff5-d8b0-4991-8eff-642d4579f902
bernoulli_glm,>10⁸,6,SL,0.57285,0.009927034,13.764007,,365.26393229166666,12.083779184431028,5b9bee67-64a5-40f6-b6e8-945d52a2c851
slcp,10⁴,1,SNLE,0.70195,0.03754008,19.544386,,18.25602823893229,13.148063404333652,64fe0f4a-c72b-4695-ae0b-4d5e9a698052
sir,>10⁸,9,SL,0.5794,0.013893843,29.46184,,677.8888671875,13.913510662130516,79923800-6043-4ee1-9a71-11e6dfa67174
two_moons,10³,4,NLE,0.8951,0.04728359,0.15335193,,4.345612080891927,,086fced9-55b4-4e4b-a1ab-2196d4792c3c
gaussian_linear_uniform,10⁴,6,NLE,0.5274,0.002322197,1.328093,,13.95155029296875,4.333730108645091,2dcba4ec-f2f9-4014-8fab-db5504578c06
sir,>10⁸,6,SL,0.5699,0.007879496,24.392622,,695.9875,13.936950543266384,f5fbb54f-ab00-48e3-8897-a38c5c09cbf9
gaussian_linear_uniform,>10⁸,6,SL,0.53845,0.0064337254000000005,1.395736,,9.147196451822916,4.3789831329174485,f0f35ff6-0825-4413-8731-31bd45766394
bernoulli_glm,10⁴,8,NLE,0.5977,0.014126778,9.930468,,14.741373697916664,11.226385859654266,c210db03-a892-4cb1-a73b-2f0b823af76b
bernoulli_glm_raw,10³,3,NLE,0.87475,0.21493256,4.0,,18.19398193359375,12.121630692015762,eba0cb0b-4482-431f-b335-37fa8d1c907c
slcp,>10⁸,3,SL,0.8739,0.25603497,26.76653,,7.963083902994793,8.007254174498213,3a02ad15-a8f1-41d4-8dba-e4a9289fbc03
slcp,10³,6,NLE,0.9556,0.12786853,10.73823,,6.401179504394531,34.68937488747011,96065050-6ce5-4c78-9107-3e9e5d49fa64
gaussian_linear_uniform,10⁴,8,SNLE,0.54445,0.002038002,1.3491466,,30.625826009114586,3.8833125772155657,24d8dc04-310d-4aad-95f2-edf6488d75ac
gaussian_mixture,10⁵,7,NLE,0.8684,0.42751122,5.1561136,,17.181392415364584,13.853210345866124,479b8d80-5a89-429c-8a69-52a8d577247b
bernoulli_glm,10³,7,NLE,0.7064,0.0428586,13.1748295,,10.796433512369793,11.636454944811256,06b12db7-f83b-4601-aa2e-42034985056f
bernoulli_glm,10³,10,NLE,0.7211,0.072229505,16.876839,,10.782659912109377,11.920093988109546,95adf099-f8b5-463f-81e6-526d3eb508e0
sir,>10⁸,1,SL,0.5611,0.006769895600000001,16.062378,,643.2087239583333,12.542355471357153,c8de61c0-c759-471f-a5d0-1bca7545e88e
sir,10⁵,3,SNLE,0.6835,0.03735757,18.165901,,49.152587890625,15.936268871741747,318e795c-fc40-43ec-bf76-8384f226e5a6
gaussian_linear,>10⁸,4,SL,0.66485,0.027766585,1.6453397,,11.11670633951823,10.334185387509288,86e6c6fc-b6a3-47cf-8261-0c7f7731e039
gaussian_linear,10⁵,2,NLE,0.5135,0.00061810017,1.3968841,,25.68246256510417,7.937522899466357,748b8b23-4347-4762-82e7-546ee94d718b
two_moons,>10⁸,4,SL,0.82085,0.4607095000000001,0.08706583,,1.9181336720784503,inf,600803e6-1f7f-4d27-9b4e-96cf2c4582fa
bernoulli_glm_raw,10⁵,5,SNLE,0.98245,0.4198497000000001,5.2915025,,186.38670247395837,13.8882082647325,c9e0bd78-1cff-4d39-a0aa-3b1e0b4de340
slcp,10⁵,7,NLE,0.78365,0.006180525,29.181097,,38.72548421223959,16.451571044384554,f06bb101-54ec-4da7-865b-5c584a1937a5
two_moons,10⁵,7,NLE,0.90085,0.06787181,0.13935614,,22.85821329752604,inf,3bb71090-8aa1-49d7-9329-f56ea7fde76e
bernoulli_glm,10³,1,NLE,0.68385,0.012865305,9.455332,,10.783920288085938,10.560271170398352,1f8a690d-e45e-4254-a1c8-d7f62d9c8bda
two_moons,10⁴,4,NLE,0.6494,0.019494295,0.10098271,,7.941975402832031,inf,3c92fc3a-86fc-4526-9a32-39f28e612c43
gaussian_mixture,>10⁸,2,SL,0.7751,0.28536868,2.7693899,,2.1899932861328124,10.973059300475326,15f0e28d-ec56-4572-90a5-d0f17d83e573
gaussian_linear,10⁵,3,NLE,0.51065,0.0005880594000000001,1.4028313,,25.13834635416667,7.981570547109555,b4e37ed9-917d-4d54-9502-e8fe6bcc5062
bernoulli_glm,10⁴,1,SNLE,0.5424,0.0097539425,9.240608,,28.551837158203124,10.73332531148408,a4206b32-f1c5-4734-9a98-8686399a4247
gaussian_linear,10³,5,NLE,0.5688,0.0043269396,1.3451030000000002,,10.64786885579427,9.718185999962042,36619e0d-5944-4b93-b9d4-136be9c2fa75
bernoulli_glm_raw,10³,1,SNLE,0.9974,0.9295019,3.1622777,,38.99642740885417,12.849310941386154,5a3291fa-6099-4b5d-9cd2-57d1499d0092
two_moons,10³,3,NLE,0.7674,0.0024040937,0.09920274,,2.9245694478352866,inf,a207e76c-a09e-4b84-95f4-d93259402029
gaussian_mixture,>10⁸,8,SL,0.7964,0.30900833,3.3055510000000004,,1.7755542755126954,12.183650333855278,2eaf662a-3c69-4cd2-bb7f-29edbeaa8c99
gaussian_linear,10⁴,3,NLE,0.54615,0.0042796135,1.451575,,13.95929667154948,9.661187557604087,f6f146e6-4845-4df1-b9eb-1edef45c8a0f
gaussian_linear,10⁵,1,SNLE,0.5115,0.0013136864000000002,1.4414256,,83.09493001302083,8.34582757453262,c5de0124-ed0c-4b05-9d4b-7e5a3825fd54
gaussian_mixture,10³,8,NLE,0.8192,0.06033057,1.2011745,,3.1594571431477863,10.094604606953306,34e9fb6c-995e-4cb1-8c51-a63d1d319231
sir,10³,10,NLE,0.99675,1.0612332,36.379936,,4.703630574544271,16.5693782552651,8076d3c2-9b3f-426f-acc5-c1a2df7c6347
sir,10³,9,SNLE,0.7425,0.087629974,36.60601,,7.960766092936198,16.80287673310594,1582bc3a-30b8-4dc1-8d0d-4724846fbe94
gaussian_linear_uniform,>10⁸,2,SL,0.60625,0.019600749,1.6079284,,10.25033671061198,4.972559109719963,831c5d96-36ad-4798-b6ba-dd0cb4f6f702
bernoulli_glm_raw,10⁴,4,SNLE,0.9867,0.7636219,3.3166248999999994,,48.14009602864584,12.068397766222954,2e1d33d1-09af-43ce-811a-05e2d3fdf028
bernoulli_glm,10⁴,4,SNLE,0.60015,0.022532105,10.616993,,28.072621663411454,12.12725998520479,e6858c94-4e05-46e6-b99f-4a43bbf493a5
gaussian_linear,10³,1,SNLE,0.6447,0.018086553,1.4793691999999998,,23.25130615234375,11.178503784520949,d3425513-7abc-45fa-9f34-64980d8b6214
bernoulli_glm,>10⁸,3,SL,0.64575,0.020561874,11.540745,,305.8507486979167,11.432184171675901,fc8511d2-b2cc-43a3-818c-c0f53a5903ea
gaussian_linear,10⁵,9,SNLE,0.5135,0.0006707907000000001,1.3867518,,82.36512044270833,7.963385951157623,c76a2ec6-69f2-41b0-af47-eb458d4fa7d9
slcp,10⁵,8,SNLE,0.5712,-0.0009226799,24.524313,,71.5546630859375,9.389378962395087,597b7b9b-ee14-45ee-9c2a-46a9d8dbb438
gaussian_mixture,10³,1,NLE,0.9222,0.4928176,7.1576309999999985,,2.9234954833984377,14.04136491173123,9af1a3ee-486a-45b2-a32e-83b94c553db5
gaussian_mixture,10⁴,3,NLE,0.6842,0.0052844286,1.1145864,,7.4761184692382825,9.12833032201994,12811f31-2d3e-4248-878b-3f7c3a19b28e
gaussian_linear,10³,10,SNLE,0.6418,0.0123871565,1.4666839,,23.36197509765625,10.921494393277657,eb65edff-a05e-4408-a3fe-1424393467f1
two_moons,10⁴,6,SNLE,0.5528,-0.0075428486,0.09237383,,8.705752563476562,inf,530e19cf-0260-4485-b0a1-6b2d07f17474
sir,10⁴,3,SNLE,0.64425,0.008017659,17.262676000000006,,11.214586385091145,14.778174898392693,178cf227-f94a-47dd-b980-64a18613fde7
two_moons,10⁴,8,SNLE,0.6166,0.0008714199000000001,0.09211701,,9.002744547526042,inf,72c18b9b-279a-4c04-9a75-95c5337d9d16
gaussian_mixture,>10⁸,7,SL,0.7411,0.2263354,2.34206,,1.78457883199056,10.633215715223074,ce7d7d17-3abe-4e9f-a297-b7300ecba1fc
gaussian_mixture,10⁴,3,SNLE,0.63575,0.0055248737,1.011301,,9.850033569335938,8.874788415767021,9f050cbb-c8bb-45b4-ae07-c6d1abfb35be
bernoulli_glm,10⁴,10,NLE,0.58935,0.015059471,15.008015,,14.619625854492188,12.122884604812107,25a69cc1-f034-45fc-a14a-62d7f91157d7
bernoulli_glm,10⁴,5,SNLE,0.54675,0.010500431,15.544448,,28.0931884765625,12.635024436135184,33607bd9-413e-43ea-b633-061f92cf5a5f
bernoulli_glm,10⁴,4,NLE,0.6676,0.09695256,10.570314,,14.339942423502604,12.080736437601287,e276e3aa-702e-425c-9be3-e9fe3bca297e
gaussian_mixture,10³,2,SNLE,0.6632,0.0029742718,0.95518255,,7.270541381835938,10.325144954995148,eca7d60c-03d6-43e4-93e0-27c7237b6d29
sir,10³,8,NLE,0.6349,0.022199988,23.388031,,4.291600545247396,16.300577361593632,1b66651d-1a47-496e-ae7f-c3701c7158a0
slcp,10⁵,7,SNLE,0.5999,0.006422400500000001,29.113598,,77.2613525390625,12.102144270535838,afd7079b-1a81-4a9e-b5d0-0dc4fabb1766
bernoulli_glm_raw,10⁵,2,SNLE,0.9992,1.0719094999999998,4.1231055,,164.5998046875,13.415530539211481,b8f4203a-2f3a-4c6d-b21d-83e31eb3bc13
bernoulli_glm_raw,10³,9,SNLE,0.99915,0.8270559000000001,3.6055512,,38.3346435546875,10.952703168145465,cbd583be-3ae2-4cdd-a1dd-36aa25c828c1
gaussian_linear,10³,5,SNLE,0.59375,0.006071090699999999,1.3084002,,25.779425048828124,10.255763043056117,18b6ba65-bbcf-487c-870c-28fd53f2ef50
two_moons,10³,2,NLE,0.68275,0.0067534447,0.11655408,,2.9894167582194013,inf,1776ae16-66af-4769-880f-867ab9f7d134
sir,10⁴,3,NLE,0.62315,0.043089747000000005,21.224983,,11.977020263671875,15.218609306146815,50142dfa-f695-4b03-97b7-c86ad240cf63
gaussian_linear,10⁴,3,SNLE,0.55325,0.0038255453,1.402048,,27.58946533203125,9.58156387059556,e9156a87-1348-40bd-911a-bdf4523f75dd
two_moons,10⁵,9,SNLE,0.54745,0.0041640997,0.09297837,,42.42985432942708,inf,c72847fb-9f85-4406-b339-5b3e44d69cb6
two_moons,10⁵,10,SNLE,0.6126,-0.0002924204,0.094085366,,41.907405598958334,inf,0c5ba940-78b4-4219-8f05-222dd96afe3f
bernoulli_glm_raw,10³,10,NLE,0.8390000000000001,0.13399982,5.5677643,,17.777984619140625,12.608872003682055,172269fd-96d7-46b4-bffd-d0bca3163991
bernoulli_glm,>10⁸,1,SL,0.57775,0.017739654,9.593006,,321.7455078125,10.499091774996431,d0ec4032-65fa-447c-8934-de1105edff55
gaussian_linear,10⁴,8,SNLE,0.54535,0.0023829937,1.5594833,,27.739776611328125,9.11111764814392,e84c211f-a08d-46e1-9d63-b12ea190f9cb
gaussian_mixture,10⁵,9,SNLE,0.6266,0.01086092,0.98559725,,41.83924560546875,10.857241685163435,01f4d15c-015c-42c8-9169-46d2387bc43a
gaussian_linear_uniform,10⁴,10,NLE,0.546,0.004801631,1.3843229,,14.168761189778644,4.804866179309681,a5cb1408-405a-4084-8949-0f82f6dbfd0b
gaussian_mixture,10⁴,10,NLE,0.7722,0.17755169,1.1567732,,8.439386494954427,8.255576525427351,094a6b41-b0e1-4e52-8372-96cce3151c50
bernoulli_glm_raw,10⁵,2,NLE,0.9691,0.5349184,4.2426405,,104.43753255208334,13.126018927731238,ceb6f8c4-797c-454e-891a-30d34b383c2b
slcp,10⁴,9,SNLE,0.75875,0.094287395,8.430473,,18.130232747395834,13.612005404775095,4a247090-6fb1-4931-8b07-351cd2fdb1b5
slcp,10⁴,10,NLE,0.6731,0.01652968,2.269546,,15.692508951822916,14.116593560504208,b1bc624b-c2a1-4e44-a2f2-7c684aae9db5
gaussian_mixture,>10⁸,5,SL,0.7252,0.17573023,1.8590739,,1.5792702992757162,9.043067690695244,bf43c75d-692a-4dd8-8077-8a5652b15401
sir,10³,9,NLE,0.7564,0.11405015,37.215588,,4.1859898885091145,16.862172704876393,f34218e5-e1c8-43d5-a8e4-b2a830e5a628
gaussian_mixture,10⁵,1,NLE,0.74125,0.043481767,1.1076832,,15.017966715494792,10.688268161927958,9e1c215b-7327-42fa-9884-a07e005cfb91
bernoulli_glm,>10⁸,8,SL,0.60345,0.017726123,10.329828,,312.11363932291664,11.520447602622239,e0567338-a04c-4fee-98d4-f0f76c307315
slcp,10³,8,NLE,0.95105,0.020112514,23.847092,,6.92630360921224,32.84928692059718,b33a6671-1cfc-4484-a47b-2e21f9505361
sir,10⁵,2,SNLE,0.61235,0.026083112,19.874607,,54.83677978515625,14.042189372863655,827db65a-d630-473b-b033-4e05fe808f3e
two_moons,10⁵,8,SNLE,0.57255,0.0071355104,0.08991213,,37.20573323567708,inf,969aaa9b-d844-4ba5-be96-b2ddd93a8e0e
two_moons,10⁴,3,SNLE,0.57125,-0.008361459,0.09453677,,8.616871134440105,inf,bef8bac8-00d4-4bea-ab5b-d8231906cc61
two_moons,10⁴,4,SNLE,0.5246,9.804964e-05,0.09106268,,8.835968017578125,,50bbf2b2-1cea-4e99-b8dc-2b13cf8751c0
gaussian_linear_uniform,10⁵,6,NLE,0.503,0.00021708012000000004,1.2928253,,25.110017903645836,3.4424260774682303,21d7cef2-2c0a-4803-89c3-fd2e2e8d5797
gaussian_linear,>10⁸,10,SL,0.6438,0.0199399,1.5749743,,10.781327311197915,10.030518053831962,4f897e1c-8d20-4fb8-8107-e3063a16b255
gaussian_linear_uniform,10³,7,SNLE,0.64175,0.01301682,1.4099021,,26.960272216796874,5.854704146844971,4bb3ca4e-537e-4be1-acbb-df44e11de912
slcp,10³,1,SNLE,0.9471,0.105208516,21.201515,,14.985633341471354,31.08687579736199,6e6a7c0e-9525-4eb8-aff5-2e1d9c1eb66b
bernoulli_glm_raw,>10⁸,8,SL,0.9622,0.5049224,3.4641016,,507.39973958333326,12.410404929188811,af6278ff-0739-4232-ac27-6f1a60d20eb1
bernoulli_glm,10³,5,SNLE,0.70635,0.04589224,17.083417999999998,,24.28819376627604,12.084888369708723,dee8d50f-9328-4cae-9181-746fe5a32dcd
gaussian_linear,10³,7,SNLE,0.63835,0.023285627000000003,1.4349267,,23.619873046875,11.341566566057448,574a6009-4d23-464c-953c-5066fec2ee2f
bernoulli_glm_raw,10³,10,SNLE,0.932,0.19299781,5.477226,,37.87491455078125,12.954548094011994,06f09f11-aa91-4a5b-8513-abddaec1da20
two_moons,10⁴,10,NLE,0.83305,0.004592657,0.113224015,,5.851186116536457,,153c75ab-5614-41c0-9ea5-d9ebd9fef02f
